1.3820852854818995,-3.0387843154936163,0.48060784225319186,-3.656699030011717
2.574195486098552,-3.944551847183277,0.027724076408361387,-3.3703563610847254
4.233090416519499,-3.559377244022871,0.2203113779885647,-1.3262868275033721
4.513240698525439,-2.625417515035228,0.687291242482386,-0.11217681650978872
6.20847107583886,0.9480240421151978,2.474012021057599,5.156495117954058
4.955227617506059,-0.2434205101899496,1.8782897449050253,2.7118071073161087
3.307747472880565,-2.4741995026208996,0.7629002486895502,-1.166452029740335
6.26377437506434,0.4790669455787766,2.2395334727893883,4.742841320643116
2.1768744064696555,-4.58467168611461,-0.29233584305730487,-4.407797279644955
4.365305288700089,-2.3596676295396257,0.8201661852301871,0.005637659160463548
4.589588303533714,-3.405664111432839,0.2971679442835804,-0.8160758078991255
4.577851455048104,-1.6864727021652508,1.1567636489173745,0.8913787528828528
5.064692762871526,-0.6727854377780116,1.6636072811109943,2.3919073250935146
3.819155170432184,-2.1796103481671407,0.9101948259164298,-0.3604551777349563
5.646221909115669,0.5843461820831477,2.292173091041574,4.230568091198816
5.216917197400559,0.7979275237276688,2.3989637618638344,4.014844721128228
3.742305319852618,-3.587950331160028,0.20602483441998598,-1.8456450113074103
2.5251847854901905,-5.216785035493137,-0.6083925177465683,-4.691600250002946
4.54077966983839,-3.1304710006155916,0.4347644996922042,-0.589691330777202
4.792066794783864,-0.7289443435616667,1.6355278282191668,2.0631224512221964
3.1235124035374464,-3.403818872515485,0.2980905637422574,-2.2803064689780386
4.68054593009852,-3.55115140066335,0.224424299668325,-0.8706054705648296
1.0407849250643437,-5.397531588768459,-0.6987657943842291,-6.356746663704115
4.958913195072276,0.6602588814652997,2.33012944073265,3.6191720765375752
5.940148069092988,0.4149950671441074,2.2074975335720537,4.355143136237095
4.674988300788176,-1.3115509049123717,1.3442245475438142,1.3634373958758041
5.358268471806875,0.875381608257606,2.437690804128803,4.233650080064481
1.493695381513453,-4.645513638487866,-0.3227568192439334,-5.151818256974414
2.78311682840498,-2.383119512086117,0.8084402439569416,-1.6000026836811367
4.393731202499042,-0.6935839640004857,1.653208017999757,1.700147238498556
3.9650352130485857,-1.417342146365279,1.2913289268173604,0.5476930666833066
2.9240146388409896,-2.822193535252687,0.5889032323736564,-1.8981788964116977
2.8249754135542555,-2.209426570218615,0.8952867148906924,-1.3844511566643596
3.098661820865506,-3.922907805863045,0.03854609706847745,-2.824245984997539
3.803099714832622,-1.0365492413761952,1.4817253793119023,0.766550473456427
4.910117578916144,-2.567649821083882,0.716175089458059,0.3424677578322619
3.392916072681728,-2.982397076741748,0.5088014616291261,-1.5894810040600205
2.063498258710788,-5.354610906934035,-0.6773054534670171,-5.291112648223247
4.814477197141653,-1.2359246553635206,1.3820376723182397,1.5785525417781328
3.978598319725463,-1.4888197866917774,1.2555901066541113,0.4897785330336855
5.333101599407557,2.035328485822819,3.0176642429114096,5.368430085230376
4.826211250290637,-0.8010484503406559,1.599475774829672,2.0251627999499813
3.3447690804496957,-3.9493669535721487,0.025316523213925635,-2.6045978731224535
4.388664861462433,-3.4758912507649162,0.2620543746175419,-1.087226389302483
4.855294792542908,-0.6752243621584317,1.6623878189207841,2.1800704303844767
3.5231118079096158,-1.1079837352850705,1.4460081323574647,0.415128072624545
4.767390578316876,-2.6576458376380723,0.6711770811809639,0.10974474067880324
2.5074229380051083,-5.41194081003583,-0.7059704050179152,-4.9045178720307225
4.476707326083747,-0.735641474745492,1.632179262627254,1.7410658513382549
3.84643616328702,-1.2495848111424224,1.375207594428789,0.5968513521445977
7.046660222094082,1.4896704969693064,2.7448352484846534,6.536330719063388
5.345830853689116,-1.4631111948952553,1.2684444025523725,1.8827196587938606
3.6986549558864015,-2.906524559702556,0.546737720148722,-1.2078696038161543
6.699893672801805,1.15431319847601,2.577156599238005,5.854206871277815
0.7341348446617681,-5.823096763608758,-0.9115483818043788,-7.088961918946989
5.883560922562102,-1.1820154427408358,1.408992278629582,2.701545479821267
5.0726657858309405,-1.7804916937948894,1.1097541531025552,1.2921740920360505
3.9697141522519335,-1.4157359660328663,1.2921320169835668,0.553978186219067
4.089964524910243,-2.206598178361873,0.8967009108190634,-0.11663365345162968
3.0588580316292298,-3.4007328992062993,0.29963355039685047,-2.341874867577069
3.176985406455908,-3.0079023370798015,0.49604883146009926,-1.8309169306238933
4.978124135862938,0.8992482935185087,2.4496241467592546,3.8773724293814467
1.8760956378284481,-5.9516674760851735,-0.9758337380425866,-6.0755718382567245
1.9238117263539376,-3.6907316581689145,0.15463417091554277,-3.766919931814977
3.5477534639029975,-4.150158228996819,-0.07507911449840976,-2.602404765093822
2.8811026410037726,-4.444262268443843,-0.22213113422192166,-3.563159627440071
5.683537241920345,0.7251562914648932,2.3625781457324466,4.408693533385239
4.8629828352235895,0.17152266639957459,2.0857613331997875,3.0345055016231646
6.470595214451275,0.6267813465666237,2.313390673283312,5.0973765610178985
3.9488506921598256,0.14072223199742995,2.0703611159987148,2.089572924157255
5.706582265284807,-0.13100611143817842,1.9344969442809108,3.5755761538466286
2.5345983666952128,-3.584726415394442,0.2076367923027791,-3.050128048699229
3.50263675721136,-2.5404390995922945,0.7297804502038527,-1.0378023423809342
3.1705723281319127,-3.4690118767851086,0.2654940616074457,-2.298439548653196
2.337880762489557,-4.183899818257536,-0.09194990912876788,-3.8460190557679788
2.239176397038717,-4.800981047743839,-0.40049052387191986,-4.561804650705123
1.8818208500587206,-4.742275529670124,-0.3711377648350618,-4.8604546796114025
4.680733396920197,-0.7002691336744389,1.6498654331627804,1.980464263245758
3.0289354598951874,-2.94156812687771,0.5292159365611451,-1.9126326669825229
5.768923965968525,2.237657759179557,3.1188288795897785,6.006581725148082
5.053874624080301,0.13547622308002838,2.067738111540014,3.1893508471603296
5.910296867300831,-1.765363258811041,1.1173183705944796,2.1449336084897905
3.8140979518189493,-2.918682547533483,0.5406587262332585,-1.1045845957145335
2.0312924331825735,-3.739668463663648,0.13016576816817615,-3.708376030481074
5.485416256431179,0.5747250579209044,2.2873625289604522,4.060141314352084
4.155305858914952,-3.010565771511507,0.4947171142442466,-0.855259912596555
3.9163718845385955,-0.5637687219757086,1.7181156390121457,1.352603162562887
5.016044791269134,-2.2334123741174086,0.8832938129412957,0.7826324171517254
4.64825162464805,-2.412494097567719,0.7937529512161405,0.2357575270803307
0.8601959506394166,-4.072352466935262,-0.03617623346763099,-5.212156516295845
3.7342886299109064,-1.7575194087041952,1.1212402956479024,-0.023230778793288942
2.5319906672137114,-2.489884361509036,0.755057819245482,-1.9578936942953244
6.58981696201903,-0.11491280727177688,1.9425435963641116,4.474904154747253
2.458956848936654,-3.5343041030517597,0.23284794847412027,-3.0753472541151057
5.51029476459774,-3.0935171475170034,0.4532414262414983,0.4167776170807369
2.454846312547498,-4.466334833649638,-0.233167416824819,-4.01148852110214
4.2899447396111094,-1.4987957717104687,1.2506021141447656,0.7911489679006405
5.821202612475146,0.13041104324856834,2.065205521624284,3.9516136557237136
4.661055856615907,-0.48473811459180816,1.757630942704096,2.176317742024099
3.037924427781287,-5.593172956488575,-0.7965864782442871,-4.5552485287072875
4.321221677760394,-2.9079719176665604,0.5460140411667199,-0.5867502399061661
3.963729405896844,-0.6692048308151535,1.6653975845924234,1.2945245750816905
1.3215582072149754,-5.029033915270412,-0.5145169576352064,-5.707475708055437
6.536901133554741,0.08571529991461402,2.0428576499573072,4.622616433469355
4.61223635382222,-0.16088838183897214,1.919555809080514,2.451347971983248
6.081273465350162,-0.3219005929320804,1.8390497035339597,3.759372872418082
4.621873996535809,-0.1551866068526797,1.9224066965736601,2.4666873896831296
4.929484004267219,-0.8088800975142421,1.5955599512428789,2.1206039067529767
3.8317062746722597,-1.3948895573622353,1.3025552213188822,0.43681671731002447
5.759850784547733,0.12115968150932321,2.0605798407546616,3.881010466057056
2.8674248450534687,-4.25962231319015,-0.12981115659507458,-3.3921974681366804
3.291195378594951,-2.0026397065454202,0.9986801467272899,-0.7114443279504695
1.4672361159538223,-2.245699795362908,0.8771501023185461,-2.778463679409086
4.477930377305442,-0.4381128007159292,1.7809435996420353,2.0398175765895123
5.417020510854824,-1.3943947974506368,1.3028026012746816,2.022625713404187
2.9649724688664723,-2.648948342616298,0.675525828691851,-1.6839758737498254
4.23966921843187,-0.7802677106379434,1.6098661446810283,1.459401507793927
3.824829888878199,-2.3748100587451937,0.812594970627403,-0.5499801698669947
4.256571228480401,-2.4479520387587033,0.7760239806206484,-0.19138081027830245
4.9249916436163605,0.1447880975656508,2.0723940487828254,3.069779741182011
0.5644326921328737,-5.5822568126474685,-0.7911284063237343,-7.017824120514595
0.5584174280376049,-6.418331242416253,-1.2091656212081263,-7.859913814378648
5.095572209204652,-1.2465107891305598,1.37674460543472,1.8490614200740918
2.005768459048719,-2.9296375027243586,0.5351812486378206,-2.9238690436756403
1.2308614883836855,-7.102650359989246,-1.551325179994623,-7.8717888716055615
3.0972858987398078,-3.274732610730221,0.3626336946348896,-2.177446711990413
5.186774145621797,-1.8551828534424402,1.07240857327878,1.3315912921793567
4.982039491316268,-0.693258236452025,1.6533708817739874,2.2887812548642428
4.258171139991006,0.9966338019982501,2.498316900999125,3.2548049419892573
3.1149767337129335,-1.8142533000801695,1.0928733499599153,-0.6992765663672358
4.863899457350168,-4.011244895546011,-0.005622447773005579,-1.1473454381958423
5.261768873409142,-0.7983279875431595,1.6008360062284201,2.4634408858659826
4.469332685998322,-1.7534435469780632,1.1232782265109684,0.7158891390202584
3.090598149650307,-3.3001988158735327,0.34990059206323365,-2.2096006662232255
4.479810868573835,-1.6464927216078178,1.176753639196091,0.8333181469660167
3.981774008656282,-2.1050153434525325,0.9474923282737339,-0.12324133479625007
4.2471015735151685,-1.2107660140419592,1.3946169929790204,1.0363355594732093
1.6770889063845043,-2.9266758178694294,0.5366620910652853,-3.249586911484925
4.546714866948313,-0.6032961534535375,1.6983519232732314,1.9434187134947756
6.552868745905574,0.7523136256842555,2.3761568128421278,5.305182371589829
4.566855444802007,-0.049707432036234955,1.9751462839818825,2.517148012765772
4.2367824288635365,0.9755543662858948,2.4877771831429474,3.2123367951494317
4.615651979447328,-2.065226843140004,0.9673865784299981,0.5504251363073244
3.727009924971632,-2.685354053301098,0.657322973349451,-0.9583441283294658
6.66679410937281,1.9174503253986472,2.9587251626993236,6.584244434771456
5.84615891832029,0.6704312698046251,2.3352156349023128,4.516590188124915
3.2825444653958287,-3.612522907875272,0.19373854606236396,-2.329978442479444
4.59592284002498,-3.1972692813169616,0.4013653593415192,-0.6013464412919813
4.618097250261233,-1.6171680934498582,1.191415953275071,1.0009291568113747
3.9838730975942305,-1.5393922663710444,1.2303038668144777,0.4444808312231862
3.518212767507615,-1.9613954519270225,1.0193022740364888,-0.4431826844194078
3.5908419507969773,-0.695609994940817,1.6521950025295915,0.8952319558561603
5.485576179205289,-0.8036498510740213,1.5981750744629895,2.681926328131267
0.7281976816910549,-5.886061795627195,-0.9430308978135975,-7.1578641139361405
4.424480562858897,-2.033073780400017,0.9834631097999914,0.3914067824588801
8.1073147523249,0.9954418460365178,2.497720923018259,7.1027565983614185
4.088507077531153,-0.5227652687745141,1.7386173656127428,1.5657418087566388
3.3939223954318427,-4.8102085546673745,-0.40510427733368704,-3.416286159235532
5.309621606070024,-0.12634525033657407,1.9368273748317129,3.1832763557334505
4.076591062900037,-1.1142271435617284,1.4428864282191358,0.9623639193383081
3.727535823502527,-3.046387614269869,0.4768061928650654,-1.3188517907673416
1.5919011411921722,-6.037173644597122,-1.0185868222985608,-6.445272503404949
3.194948269914727,-1.2208207669065252,1.3895896165467374,-0.025872496991797833
4.447273093952946,-1.790372680126802,1.104813659936599,0.6569004138261441
2.9040183669905257,-3.7439056015161074,0.1280471992419463,-2.8398872345255812
5.26508986803163,0.7818204098668935,2.390910204933447,4.046910277898524
2.9480108914685315,-3.367586160437121,0.31620691978143944,-2.4195752689685897
1.6933026591896914,-6.16637032239344,-1.0831851611967198,-6.473067663203748
3.2443887809957,-4.149695603698412,-0.07484780184920603,-2.905306822702712
2.702951467890682,-3.2661078824300755,0.3669460587849622,-2.5631564145393937
3.557181772179171,-4.316927425240866,-0.15846371262043313,-2.759745653061695
3.5375004507246737,-1.511704146739092,1.244147926630454,0.025796303985581748
3.5929618534357326,-2.1566647670225962,0.9216676164887019,-0.5637029135868635
6.899780162073618,1.6699697082371228,2.834984854118561,6.569749870310741
2.7694167483188807,-2.6532982319068745,0.6733508840465628,-1.8838814835879936
3.5119605785837322,-0.44604221973952995,1.776978890130235,1.0659183588442027
3.9912435016676038,-1.8384135729722209,1.0807932135138896,0.152829928695383
5.895440722012522,-0.9393529416037221,1.530323529198139,2.9560877804088
4.063282868771732,-1.0187081698123843,1.4906459150938078,1.0445746989593476
3.439595104448622,-3.079545854600211,0.4602270726998945,-1.639950750151589
5.286022877699248,0.6917636997617853,2.3458818498808927,3.9777865774610337
4.431591675503822,-1.5519855257479003,1.2240072371260498,0.8796061497559213
3.8223925734469564,-3.329258339925116,0.33537083003744206,-1.5068657664781595
3.460081885248513,-2.731596362508376,0.6342018187458119,-1.2715144772598634
3.3920606093113714,-0.6516685216240097,1.6741657391879952,0.7403920876873618
4.873796661050617,-2.378852076362682,0.8105739618186589,0.494944584687935
7.804473130829193,2.671480355725447,3.3357401778627236,8.47595348655464
4.980012594339671,-1.844266883171863,1.0778665584140685,1.1357457111678082
4.391969086468471,-1.3438375978138413,1.3280812010930794,1.0481314886546294
3.502227511675343,-2.000896604792479,0.9995516976037604,-0.4986690931171362
4.111633309982954,-1.8545659233050444,1.0727170383474778,0.2570673866779095
4.788756195216065,-1.3697694972674566,1.3151152513662718,1.4189866979486085
5.048611505933342,-0.46791274775111,1.766043626124445,2.5806987581822316
6.965183715014448,1.505326302183542,2.752663151091771,6.47051001719799
3.2213144921094923,-3.309295447408455,0.3453522762957725,-2.0879809552989625
3.7259209295552194,-2.8853347744332276,0.5573326127833862,-1.1594138448780082
5.9249538514599545,2.449779227767996,3.224889613883998,6.37473307922795
4.426589832057414,-3.092798103860326,0.4536009480698372,-0.6662082718029112
4.872407633526721,-3.5104860735901204,0.24475696320493978,-0.6380784400633996
3.9978785725140167,-1.2623790794820593,1.3688104602589704,0.7354994930319576
3.837083136847227,-1.8681509901944462,1.065924504902777,-0.03106785334721901
2.7688624677471276,-3.399228007871039,0.3003859960644807,-2.6303655401239108
4.98618892225199,-1.313116617740862,1.343441691129569,1.6730723045111282
3.995137623728306,-2.9604066820960386,0.5197966589519807,-0.9652690583677322
2.4486043380013927,-4.459029177445014,-0.2295145887225074,-4.010424839443623
4.166677775260039,-2.2771390652719066,0.8614304673640467,-0.1104612900118675
4.9660828582289955,-0.1191878018729351,1.9404060990635323,2.8468950563560607
4.7522950681086895,-2.8716793719312883,0.5641603140343558,-0.11938430382259901
4.386870916135408,-3.651278471060144,0.1743607644699281,-1.2644075549247364
5.163321224087664,0.13522326321588274,2.0676116316079414,3.2985444873035465
4.115561965486232,-2.1112341292099672,0.9443829353950165,0.004327836276264818
4.827976575780236,-0.5901771156101192,1.7049114421949403,2.237799460170117
4.385755228294951,1.6333430247338807,2.8166715123669404,4.019098253028832
5.065706997776776,-0.8501116761418723,1.5749441619290638,2.215595321634904
3.632819153834644,-0.5075601392179974,1.7462199303910013,1.1252590146166472
4.421433287146802,-2.8755271930387867,0.5622364034806067,-0.4540939058919846
4.120103574561491,-3.161278971055228,0.419360514472386,-1.0411753964937371
4.017165018996302,-1.3418203029547247,1.3290898485226377,0.6753447160415769
3.230720177363854,-4.274503551980327,-0.13725177599016347,-3.0437833746164733
4.063749564923358,-3.0379782703944835,0.4810108648027581,-0.9742287054711251
2.995606134385855,-2.632870734489377,0.6835646327553115,-1.6372646001035218
1.8447647176207393,-6.0467720927044635,-1.0233860463522317,-6.202007375083724
4.762154551496766,-1.8073312854652217,1.0963343572673891,0.9548232660315443
4.0404651314646935,-1.1167876488096684,1.4416061755951657,0.9236774826550247
5.934218502366524,-1.1452148371698083,1.4273925814150958,2.7890036651967156
2.1517876055875185,-2.922048527864928,0.5389757360675359,-2.7702609222774095
4.083274807362596,-1.6020215735761887,1.1989892132119055,0.4812532337864067
2.5539059848635697,-3.7048544624325728,0.14757276878371361,-3.1509484775690035
3.1905028954477275,-2.27513052667484,0.86243473666258,-1.0846276312271124
4.563276114204682,-2.882668039862611,0.5586659800686944,-0.31939192565792873
2.528983779015821,-2.829029977695935,0.5854850111520324,-2.300046198680114
7.045667359654512,2.676083822282746,3.338041911141373,7.721751181937258
3.604343416974744,-2.3331209651150533,0.8334395174424734,-0.7287775481403093
0.011685087188132659,-6.674565755961973,-1.3372828779809867,-8.66288066877384
1.984469256206046,-3.508454429294156,0.2457727853529219,-3.52398517308811
4.311066083080911,-1.6447671870998013,1.1776164064500994,0.6662988959811097
5.568120669324061,-0.30506723796983537,1.8474663810150824,3.2630534313542245
3.08257022866214,-1.895467301723267,1.0522663491383664,-0.8128970730611271
4.623605639178384,-2.374565787315355,0.8127171063423224,0.24903985186302924
2.9531962201643296,-4.083402142673174,-0.04170107133658685,-3.1302059225088446
2.4526106079556005,-1.4807181256869828,1.2596409371565085,-1.0281075177313825
6.5965569320666555,0.5696016245785631,2.284800812289282,5.166158556645218
4.741488119442878,-2.5229471786750866,0.7385264106624567,0.2185409407677914
3.140206075429354,-2.7917967897046054,0.6041016051476972,-1.651590714275252
5.117356630020259,-1.0044380220069598,1.4977809889965201,2.1129186080132993
4.269159067828858,-1.2024931358104667,1.3987534320947668,1.0666659320183915
3.8411405259147258,-1.1481838997831841,1.4259080501084078,0.6929566261315415
7.237218144491411,0.9462935252954012,2.4731467626477004,6.183511669786813
5.636881885883532,0.09926546911265133,2.049632734556326,3.7361473549961826
-0.3124099759846697,-5.884798360401275,-0.9423991802006377,-8.197208336385945
6.877634796799896,2.4735826294634267,3.2367913147317133,7.351217426263323
1.6334102007924702,-2.8982732128123745,0.5508633935938128,-3.2648630120199043
3.436625355886927,-4.419985869919416,-0.20999293495970806,-2.983360514032489
3.9398991971136637,-2.360313074668954,0.8198434626655231,-0.42041387755529025
6.453471089716193,0.5715045770410438,2.2857522885205217,5.024975666757237
5.064124460135943,0.125451376837598,2.0627256884187988,3.189575836973541
3.5989648308030646,-1.4494709917843551,1.2752645041078225,0.1494938390187095
4.291986794435419,-1.6405785845821752,1.1797107077089124,0.6514082098532438
3.078964097804856,-4.01133902517511,-0.005669512587555214,-2.9323749273702546
3.561533905739851,-1.251883976626491,1.3740580116867545,0.30964992911335965
5.60977129792435,1.6704390630771506,2.8352195315385753,5.280210361001501
3.9759420845297524,-2.566419749034567,0.7167901254827165,-0.5904776645048149
4.7599975593030805,-1.6482469482786515,1.1758765258606743,1.1117506110244288
4.809545888856385,-1.4883558782057402,1.2558220608971298,1.321190010650645
4.031528667536542,-3.070252018772224,0.4648739906138879,-1.0387233512356824
3.4732555507971337,-3.2875316206050784,0.3562341896974608,-1.8142760698079448
4.544522219366161,-2.77292359173058,0.6135382041347099,-0.22840137236441893
3.434492016342034,-3.8728907027895376,0.06355464860523108,-2.4383986864475036
2.460172741165252,-2.8739111794335894,0.5630444102832052,-2.4137384382683376
5.178436310247295,0.9729451677173682,2.486472583858684,4.151381477964663
4.872428040570735,-0.7059065114417249,1.6470467442791374,2.166521529129011
5.885170317952298,-0.8742307726224876,1.5628846136887562,3.01093954532981
2.8675591693311375,-3.098255047932196,0.450872476033902,-2.2306958786010584
3.756327705437483,-2.5852802520364815,0.7073598739817594,-0.8289525465989985
5.721940561558972,1.1147778825489318,2.557388941274466,4.8367184441079045
2.3782241864955598,-2.824361239956329,0.5878193800218353,-2.44613705346077
4.759112049366006,-1.8391465709512034,1.0804267145243984,0.9199654784148035
5.39656235469681,-0.630788823087731,1.6846055884561344,2.7657735316090797
7.694270936696988,1.3855195449646969,2.6927597724823484,7.079790481661686
3.0348854085497763,-1.4522883849233728,1.2738558075383137,-0.4174029763735967
2.0685822084715855,-3.4461625041979445,0.2769187479010278,-3.377580295726359
6.322049640226741,1.8220635599458226,2.9110317799729115,6.144113200172564
3.330765683397204,-2.7139141107838687,0.6430429446080657,-1.3831484273866645
3.727438669269791,-4.016379560569008,-0.0081897802845039,-2.288940891299217
2.527561947919409,-5.296527457415797,-0.6482637287078987,-4.768965509496388
3.7305331757211135,-2.532996988392906,0.7335015058035471,-0.8024638126717923
3.1762751231233795,-2.3872404535627703,0.8063797732186148,-1.2109653304393913
4.097559531656736,-1.087404166918084,1.456297916540958,1.0101553647386516
2.8426246551818446,-2.663893254964338,0.668053372517831,-1.8212685997824933
1.7420727228026154,-4.814903039966429,-0.4074515199832147,-5.072830317163815
4.085441935863961,-0.6169142136878663,1.691542893156067,1.4685277221760944
1.9922818736768075,-4.6060545384192855,-0.30302726920964274,-4.613772664742478
4.958000398353857,-0.7346476348648645,1.6326761825675677,2.2233527634889922
2.5970128252472633,-7.2300119591277685,-1.6150059795638843,-6.632999133880506
4.742118460993602,-1.1879061673448703,1.4060469163275648,1.5542122936487317
3.8172428267384078,-0.05208008096852135,1.9739599595157393,1.765162745769886
3.0786741646570377,-3.1087254069298433,0.4456372965350782,-2.0300512422728056
5.609702770973399,1.6450788795571896,2.822539439778595,5.254781650530588
2.4447987593275218,-4.614446073555264,-0.3072230367776321,-4.169647314227743
4.148907875047361,-1.6763158641036813,1.1618420679481594,0.47259201094367975
3.0262077048023905,-4.880743382655581,-0.4403716913277902,-3.85453567785319
5.142713223895532,0.30730118080308877,2.1536505904015444,3.4500144046986208
3.8475737535288808,-3.8163819486618116,0.09180902566909421,-1.9688081951329308
4.72653359842683,-2.6035521517869658,0.6982239241065172,0.12298144663986421
3.159892846355112,-4.440162935701123,-0.22008146785056137,-3.280270089346011
5.739107093419666,0.7806065791228964,2.390303289561448,4.519713672542563
4.412115887025284,-2.875504157642147,0.5622479211789264,-0.4633882706168626
2.4423712712871635,-4.498624155566177,-0.24931207778308861,-4.056252884279014
6.315479007782562,2.089657851963909,3.0448289259819545,6.405136859746471
4.057687605014437,-0.9770436680277848,1.5114781659861076,1.0806439369866525
3.856690958856177,-1.3977889007629487,1.3011055496185255,0.45890205809322826
1.211163568482108,-4.219537556168679,-0.10976877808433949,-5.008373987686571
5.238238106886961,-1.8553646653337283,1.0723176673331358,1.3828734415532318
4.548912080935632,-1.7202866138982602,1.13985669305087,0.8286254670373717
3.3166513189169606,-1.2857241964449273,1.3571379017775365,0.03092712247203333
2.5683624480835023,-5.8259379318232005,-0.9129689659116003,-5.257575483739699
6.0545139703227395,-1.4086497474940445,1.2956751262529778,2.6458642228286955
4.578358716402422,-0.6466881727603961,1.6766559136198018,1.9316705436420265
6.9029324096950715,2.7825892767999685,3.3912946383999842,7.68552168649504
6.523182692064218,-0.3805828645601077,1.8097085677199463,4.14259982750411
3.2096026093342473,-3.2411430015243057,0.37942849923784716,-2.0315403921900583
2.0926407169435945,-5.50628574460133,-0.7531428723006648,-5.413645027657735
2.4355294936245118,-1.016527198944091,1.4917364005279545,-0.5809977053195792
5.751500913272281,-0.726593200036115,1.6367033999819425,3.0249077132361664
2.605744446652496,-2.994169831839837,0.5029150840800816,-2.388425385187341
3.876996496924133,-1.4981744654089166,1.2509127672955418,0.37882203151521643
3.530462267108893,-2.9156807567476384,0.5421596216261808,-1.3852184896387452
6.524840783379665,0.535279728798074,2.2676398643990368,5.06012051217774
3.9684026179091894,-1.9631670567450532,1.0184164716274733,0.005235561164136107
2.823131139268252,-4.053180265246226,-0.026590132623112828,-3.230049125977973
4.250006736976621,-0.6422557563801916,1.678872121809904,1.6077509805964296
5.457479243834272,0.4782012309656065,2.239100615482803,3.9356804747998786
5.446591235963479,0.7363454797753133,2.3681727398876564,4.1829367157387916
5.310727843663731,-0.7270575990040724,1.6364712004979638,2.5836702446596584
5.1684599613229425,-0.21668361441392436,1.8916581927930378,2.9517763469090186
5.6682926742709565,1.072290255300513,2.5361451276502565,4.74058292957147
3.835489576804331,-2.7161840452843387,0.6419079773578307,-0.8806944684800078
6.2215258767650745,0.38962856648071487,2.1948142832403574,4.611154443245789
3.7376371741249708,-3.9454481493800593,0.02727592530997036,-2.207810975255088
1.753153201190968,-5.117787231450847,-0.5588936157254234,-5.36463403025988
3.2952763923296695,-1.4105920642206389,1.2947039678896806,-0.11531567189096914
7.735715366330095,3.3641097712052535,3.6820548856026267,9.09982513753535
5.225288019398576,-0.7993434226322615,1.6003282886838692,2.425944596766314
4.207171855005491,-1.4151415024964722,1.292429248751764,0.7920303525090192
6.595940625478475,0.47705516998324926,2.2385275849916244,5.072995795461724
2.442874282989388,-4.567372341972552,-0.28368617098627613,-4.124498058983164
3.1057996728979336,-1.7669392191788273,1.1165303904105863,-0.6611395462808939
4.92005077476268,-1.469343556366446,1.265328221816777,1.4507072183962337
3.9536687152157772,-0.8412034435788283,1.579398278210586,1.112465271636949
3.495797137625768,-0.7829915618772532,1.6085042190613734,0.7128055757485152
3.8875674187257365,-2.206637037596127,0.8966814812019367,-0.3190696188703899
1.0924032325721358,-4.872644746451764,-0.4363223732258821,-5.780241513879629
3.980568225445443,-2.490499235049848,0.7547503824750761,-0.5099310096044047
3.5058099868570864,-2.0072903892942557,0.9963548053528722,-0.5014804024371693
5.033537942066213,-1.3080332479424377,1.3459833760287812,1.7255046941237762
3.415405678124313,-4.163110328763985,-0.0815551643819925,-2.747704650639672
1.19816050451446,-5.1897784944335665,-0.594889247216783,-5.9916179899191055
5.401172354378744,-0.9816379780626208,1.5091810109686896,2.4195343763161237
1.3469315581150978,-5.78097705609405,-0.8904885280470252,-6.4340454979789525
4.081739983863379,-3.3700444645821137,0.31497776770894315,-1.2883044807187345
3.49036950439221,-3.905645599207004,0.047177200396497976,-2.415276094814794
4.156691087602164,-1.748275148686862,1.125862425656569,0.40841593891530215
2.156120685070457,-5.200061901358149,-0.6000309506790746,-5.043941216287692
4.095235543251386,-3.0307290332222907,0.48463548338885465,-0.935493489970905
3.8609019223703465,-2.8713622846050257,0.5643188576974871,-1.0104603622346793
2.7675280777970164,-4.533663645928348,-0.26683182296417374,-3.766135568131331
4.582078820203685,-0.1561838892434766,1.9219080553782617,2.425894930960208
3.7592519622139626,-1.6082193692971176,1.1958903153514413,0.1510325929168448
2.768780924965555,-2.904699334214854,0.547650332892573,-2.135918409249299
4.391053064200048,-2.1579479271869744,0.9210260364065127,0.23310513701307345
3.829922087185861,-2.849717440241844,0.5751412798790779,-1.0197953530559833
3.1554418236118433,-1.5892963991230593,1.2053518004384705,-0.433854575511216
3.3665303528892734,-3.164723198578302,0.4176384007108489,-1.7981928456890288
2.8235506823304384,-1.3746752257291497,1.312662387135425,-0.5511245433987113
3.4479252662344946,-3.1036387923919,0.4481806038040499,-1.6557135261574059
3.276210053880037,-2.822952201269058,0.588523899365471,-1.546742147389021
3.962932646392251,-0.11451786333557301,1.9427410683322135,1.848414783056678
1.7049837284241054,-4.810119808844994,-0.40505990442249695,-5.1051360804208885
2.6131964572579,-3.565801662321141,0.21709916883942948,-2.952605205063241
3.3910333178316243,-5.097605725369961,-0.5488028626849806,-3.706572407538336
4.878781209668607,-0.9206883137871149,1.5396558431064427,1.9580928958814923
4.275915929062297,-1.8334115244841995,1.0832942377579002,0.4425044045780976
4.487946308324845,-1.5267938383134014,1.2366030808432993,0.9611524700114431
2.9357012558084783,-3.2678291005045508,0.3660854497477246,-2.332127844696073
5.660655428216626,0.944937496317602,2.472468748158801,4.6055929245342275
2.986444617455334,-2.3623508924594163,0.8188245537702917,-1.3759062750040825
4.354280900596563,-1.0613510803462312,1.4693244598268844,1.2929298202503314
0.7506371686194182,-6.927042694029524,-1.4635213470147619,-8.176405525410106
3.5076623243902048,-1.6071947997877842,1.1964026001061079,-0.09953247539757948
8.062914119714499,3.7422429776333557,3.871121488816678,9.805157097347855
2.6893580059274784,-3.4959381964281526,0.2520309017859236,-2.806580190500674
2.5245633111295303,-3.9899997188547154,0.005000140572642309,-3.4654364077251847
4.262124895445805,-1.6927812537915565,1.1536093731042218,0.569343641654248
5.533363194789066,-1.0280747949207962,1.485962602539602,2.50528839986827
5.240112876184834,-2.6324693869510236,0.6837653065244882,0.6076434892338103
5.284661507311944,1.080811420707751,2.5404057103538755,4.365472928019695
3.43742514657609,-2.1199127613945676,0.9400436193027162,-0.6824876148184774
4.264594954991739,-4.029818607884238,-0.014909303942118868,-1.765223652892499
2.683348853020968,-2.7893607036189167,0.6053196481905416,-2.106011850597948
3.5656724547955516,-2.7580919586298,0.6209540206851002,-1.192419503834248
5.138759979379383,-0.27113667990238377,1.8644316600488082,2.8676232994769997
4.102027834530138,-0.8419594494136529,1.5790202752931735,1.2600683851164853
4.611085771466821,-1.608692336883816,1.195653831558092,1.0023934345830052
5.025270332294719,-0.2716389995307733,1.8641805002346135,2.7536313327639457
3.9657754369720593,-0.9719642633629835,1.5140178683185082,0.9938111736090757
2.5616256281532754,-3.0705523844053535,0.46472380779732325,-2.508926756252078
3.586719097451003,-1.1504896445835207,1.4247551777082397,0.43622945286748216
4.100722529849451,-1.506616003998244,1.246691998000878,0.5941065258512068
4.934276585441925,0.75190069041229,2.375950345206145,3.686177275854215
3.697818648861844,-2.4418029391441225,0.7790985304279388,-0.7439842902822787
4.576933660781199,-2.903703485206295,0.5481482573968526,-0.3267698244250956
5.182801055755856,-3.379561220575475,0.3102193897122625,-0.19676016481961822
4.395951484655575,-4.172567491653332,-0.08628374582666609,-1.7766160069977568
5.001685187828701,-0.1327112788877005,1.9336443605561497,2.8689739089410007
3.164341387345125,-1.36864508928263,1.315677455358685,-0.20430370193750513
3.456497475776591,-3.8478905480413537,0.07605472597932317,-2.3913930722647625
5.217427537479596,-2.0029757312983376,0.9985121343508311,1.214451806181258
3.320690161106471,-0.8800256513736717,1.5599871743131641,0.4406645097327997
5.469440552893802,-0.3008057140853013,1.8495971429573492,3.1686348388085013
4.110508087307417,-0.4192157700333976,1.7903921149833013,1.6912923172740186
3.840201165967456,-2.2487000750201678,0.8756499624899161,-0.40849890905271147
4.913910072847442,-1.738809411355883,1.1305952943220585,1.1751006614915593
5.653829174142859,-1.3932288128412016,1.3033855935793992,2.2606003613016576
6.024503253021779,-0.28543176708971263,1.8572841164551437,3.7390714859320666
4.659635880182803,0.5688673862579745,2.284433693128987,3.2285032664407773
6.321419398813012,1.5075050903389475,2.7537525451694735,5.82892448915196
4.162198821334272,-1.8618967115431047,1.0690516442284477,0.30030210979116734
3.6541227915450065,-2.1579825760209093,0.9210087119895454,-0.503859784475903
4.850854451408396,-0.7436169974319464,1.628191501284027,2.1072374539764493
4.85975770187594,-1.1257844701067967,1.4371077649466018,1.7339732317691428
6.165582243342294,2.219857870765937,3.1099289353829684,6.385440114108232
2.318643724551313,-3.7353296378659806,0.1323351810670097,-3.4166859133146676
2.670144513710231,-3.842506946366473,0.07874652681676353,-3.172362432656242
7.859949300068254,3.623581277131726,3.811790638565863,9.48353057719998
3.925544799771117,-1.9242447151424817,1.037877642428759,0.0013000846286349566
6.122010373927683,1.070255268964437,2.5351276344822185,5.192265642892121
5.0026349595983755,0.001361315904375271,2.000680657952188,3.0039962755027503
3.884272685097962,-2.5843960189082327,0.7078019905458837,-0.7001233338102706
0.9501550057604442,-5.533942271131531,-0.7669711355657653,-6.583787265371086
3.9149291893521885,-1.8865432967721572,1.0567283516139214,0.02838589258003152
4.176068226607588,-2.458170972540843,0.7709145137295785,-0.28210274593325535
5.683857231173153,0.5297369934092941,2.264868496704647,4.213594224582447
0.8577087635052085,-5.9373201726796605,-0.96866008633983,-7.0796114091744515
4.576135143186375,1.0971515025578267,2.5485757512789133,3.6732866457442013
3.8545043644525667,-2.5279072314795306,0.7360463842602347,-0.6734028670269638
5.200684000229222,-0.24069012831221848,1.8796549358438908,2.9599938719170034
7.575914135121874,0.8707605537943097,2.435380276897155,6.446674688916183
1.9490355322286654,-4.175077564855268,-0.08753878242763391,-4.226042032626602
6.308879706900978,-1.4821136712099998,1.2589431643950002,2.8267660356909774
3.1377627314115912,-2.3057348613635904,0.8471325693182049,-1.1679721299519992
3.290187138948883,-2.5685512179215335,0.7157243910392331,-1.2783640789726505
2.9808440939955263,-2.704472018455477,0.6477639907722614,-1.7236279244599508
4.062728036169909,-4.619951050677578,-0.3099755253387888,-2.557223014507669
1.7283409539844246,-6.744524600464887,-1.3722623002324434,-7.016183646480462
5.7668896047018325,2.533804564814365,3.2669022824071825,6.300694169516197
4.7816189591190446,-1.6857599548122129,1.1571200225938936,1.0958590043068317
1.0702523709903966,-6.185000194278401,-1.0925000971392005,-7.114747823288004
6.201442163485133,1.4463169635046,2.7231584817523,5.647759126989733
4.9664028140942325,0.0367927074853891,2.0183963537426948,3.003195521579621
4.373890283934615,-1.9317004362278107,1.0341497818860947,0.4421898477068045
3.4326169579880776,-0.7823771576053311,1.6088114211973346,0.6502398003827463
5.038479977824834,-0.36894929874042615,1.815525350629787,2.669530679084408
3.5467536677518567,-1.984420002673798,1.007789998663101,-0.4376663349219412
3.549968894670628,-1.6804356857011005,1.1597821571494498,-0.13046679103047265
5.280279129407884,0.9332384779844021,2.466619238992201,4.213517607392285
6.39797086421005,0.3318277123235758,2.165913856161788,4.729798576533626
8.629511120624963,3.5914470254874074,3.7957235127437037,10.220958146112372
4.035594913470623,-1.984551415057804,1.0077242924710978,0.05104349841281951
4.6361806480842755,-1.4520411270105966,1.2739794364947017,1.1841395210736794
4.587217395346172,-2.138877325077181,0.9305613374614095,0.4483400702689908
4.214320453690744,-1.5255134559298464,1.2372432720350768,0.6888069977608983
3.684540508733477,-1.538978919341337,1.2305105403293315,0.1455615893921397
5.003172807615491,-0.3355862440478028,1.8322068779760987,2.667586563567688
6.2933073840808555,0.8228142197362951,2.4114071098681475,5.116121603817151
4.578072535960143,-0.8421598738439395,1.5789200630780302,1.7359126621162033
5.881303164924624,0.802562432775543,2.4012812163877717,4.6838655977001675
3.701992828637801,-2.718057977774443,0.6409710111127784,-1.016065149136642
4.398244407724666,0.499008473965989,2.2495042369829945,2.8972528816906538
5.470277925115678,-0.15962857987438217,1.920185710062809,3.3106493452412953
4.884029486171878,-0.979100390873739,1.5104498045631305,1.9049290952981388
3.733828125972657,-2.9749971014030097,0.5125014492984952,-1.241168975430352
4.118930887065113,-1.773671911551741,1.1131640442241295,0.3452589755133716
2.3676518249207823,-2.656337713404667,0.6718311432976665,-2.2886858884838848
1.5663304243191591,-5.725277080420371,-0.8626385402101857,-6.158946656101212
5.085331062337889,-1.5749317352453598,1.21253413237732,1.510399327092529
3.9530705242594424,-2.405050152445955,0.7974749237770226,-0.4519796281865126
6.162093703498819,0.09574676196621024,2.047873380983105,4.257840465465029
6.2860455300586215,1.4214249901988585,2.710712495099429,5.7074705202574805
6.2183620664943735,1.0795842007389869,2.5397921003694934,5.297946267233361
3.818148784427213,-2.4836793329827995,0.7581603335086002,-0.6655305485555868
5.014145355873663,-1.6447338248632963,1.1776330875683518,1.3694115310103667
4.080769977052303,-1.277238423303771,1.3613807883481144,0.8035315537485326
3.7439924002201823,-1.9180718818450555,1.0409640590774722,-0.17407948162487302
2.3088769456179685,-5.703286907806778,-0.8516434539033886,-5.394409962188808
3.6462447343647364,-4.51725381751803,-0.25862690875901495,-2.871009083153293
5.863508952662351,-0.4544783827465675,1.7727608086267161,3.4090305699157835
2.884335073229647,-5.353629344664046,-0.676814672332023,-4.469294271434399
4.713571794452795,-0.8649858848690102,1.567507057565495,1.8485859095837853
4.91135775036245,0.6908774110743496,2.345438705537175,3.602235161436799
3.1203018512546485,-3.316371164580604,0.341814417709698,-2.1960693133259555
2.2952435485761655,-4.282819722871675,-0.14140986143583767,-3.98757617429551
2.7854934875614146,-3.4353084852673006,0.2823457573663497,-2.649814997705886
3.282705248605641,-3.4551312074127636,0.2724343962936182,-2.1724259588071226
1.7321338547662877,-3.7864287187384864,0.1067856406307569,-4.054294863972198
3.581088686518303,-0.7864253930799523,1.606787303460024,0.7946632934383508
4.323412215841159,0.7143124339372582,2.357156216968629,3.0377246497784176
2.5038877891582016,-3.8639110300227584,0.06804448498862081,-3.360023240864557
3.4649007417825786,-1.8233515422879778,1.088324228856011,-0.3584508005053991
2.566329781545091,-4.989404997987412,-0.4947024989937059,-4.42307521644232
1.4470463399190594,-3.809257167972834,0.09537141601358301,-4.362210828053774
2.069772866193615,-5.752020377270563,-0.8760101886352816,-5.682247511076948
4.795644586694686,-1.1908521850295852,1.4045739074852075,1.6047924016651007
4.420652868466716,-2.729594667705197,0.6352026661474015,-0.3089417992384813
4.745934146837562,-0.6479849519068515,1.6760075240465744,2.09794919493071
6.999072211666637,0.41513387496350074,2.2075669374817504,5.414206086630138
4.149913529550654,-0.5312061031784936,1.7343969484107533,1.6187074263721595
4.1651146245333,0.4509062592245532,2.2254531296122764,2.6160208837578525
4.346067220281814,-2.3098028073911525,0.8450985963044236,0.0362644128906614
6.4952919853618045,1.7554733197300543,2.877736659865027,6.25076530509186
3.5906798523108163,-1.589751895702733,1.2051240521486335,0.0009279566080835355
3.9636416990581806,-1.441775956820149,1.2791120215899254,0.5218657422380316
3.3564769640973373,-3.5387879493098113,0.23060602534509422,-2.182310985212474
3.5401490437541705,-3.078675238730324,0.460662380634838,-1.5385261949761535
2.342983713476574,-6.319167594334496,-1.1595837971672478,-5.976183880857922
4.58206471951455,-2.393858902335444,0.803070548832278,0.1882058171791059
3.257126786071042,-3.6652979598217748,0.16735102008911262,-2.4081711737507328
3.7123465294306177,0.8853140719235384,2.442657035961769,2.5976606013541566
2.900169519160313,-3.2504878083682143,0.37475609581589286,-2.3503182892079013
3.7498532457626306,-0.7076154180646206,1.6461922909676896,1.04223782769801
3.329899944739828,-2.6114259796653347,0.6942870101673326,-1.2815260349255067
3.2234122776488823,-1.4580173157675236,1.2709913421162382,-0.23460503811864153
2.8710130658318187,-3.2708013035437595,0.36459934822812023,-2.399788237711941
3.994943563091891,-0.8690724854320697,1.5654637572839651,1.1258710776598213
5.36773854138146,0.8521517068783928,2.4260758534391966,4.219890248259852
0.39231703005866336,-4.542733946976039,-0.27136697348801975,-6.150416916917376
4.371570463517244,-2.908449718435522,0.545775140782239,-0.5368792549182777
1.9884611761814672,-2.65192751987209,0.6740362400639551,-2.6634663436906223
2.979449389919785,-3.3301265231097132,0.3349367384451434,-2.350677133189928
4.103973671622544,-1.355374717036422,1.322312641481789,0.7485989545861218
4.61617503611319,0.36016717251372166,2.1800835862568606,2.976342208626911
4.236248956490674,-2.0149504662931332,0.9925247668534335,0.22129849019754058
2.455126585476305,-4.661146223410467,-0.3305731117052333,-4.206019637934162
7.445308048910416,1.1720560806166942,2.586028040308347,6.617364129527111
4.972483631302181,-0.4347318560293547,1.7826340719853226,2.537751775272826
4.36892486987615,-2.337098607195739,0.8314506964021304,0.03182626268041011
5.582575950884367,-1.1589090900350894,1.4205454549824554,2.423666860849278
3.475615816714323,-4.378692247030747,-0.18934612351537372,-2.903076430316424
5.78079182436943,0.08366022153146746,2.0418301107657335,3.864452045900898
5.708900534967074,-1.3527242674352404,1.3236378662823798,2.3561762675318336
3.8865451452276596,-3.0180283298502273,0.49098583507488636,-1.1314831846225677
5.708166334712462,0.20413171460570112,2.1020658573028506,3.912298049318163
4.5908813703547615,-0.37868663639519484,1.8106566818024026,2.212194733959567
2.5714243773780345,-2.962851132685718,0.5185744336571411,-2.3914267553076836
2.913406111670819,-2.781975750794887,0.6090121246025565,-1.8685696391240678
4.053988764703168,-1.8166151162060329,1.0916924418969836,0.23737364849713524
4.404293844127085,-2.6149186277646255,0.6925406861176874,-0.21062478363754034
5.283493041453802,-0.8538367292210718,1.573081635389464,2.429656312232731
2.9919265333962746,-5.2426977601506,-0.6213488800753,-4.250771226754326
2.4407475144742836,-2.1686570286732905,0.9156714856633548,-1.727909514199007
6.356395636939882,1.4465040697698823,2.723252034884941,5.8028997067097645
2.905037030735037,-3.6425535032074636,0.17872324839626808,-2.737516472472427
3.816487007425549,-1.8793529574533785,1.0603235212733106,-0.06286595002782941
3.0165210068282473,-3.5119293715638706,0.2440353142180648,-2.4954083647356233
2.959532314357685,-4.040860734282625,-0.020430367141312633,-3.08132841992494
4.248002143829366,-1.6162220728893628,1.1918889635553185,0.6317800709400027
2.6963790841311472,-3.972880027581871,0.013559986209064623,-3.2765009434507233
3.74355683518569,-2.5133162644324316,0.7433418677837842,-0.7697594292467419
3.624712099370388,-4.251324298153055,-0.12566214907652706,-2.6266121987826656
2.561962831488605,-4.243978390722939,-0.12198919536146913,-3.6820155592343338
3.5651892178759965,-5.322675522789197,-0.6613377613945985,-3.7574863049131997
2.3553141842442757,-3.4243599262022784,0.2878200368988608,-3.0690457419580026
4.164764823376651,-2.690500501070563,0.6547497494647185,-0.5257356776939117
4.541515669275549,-2.261458652179888,0.869270673910056,0.2800570170956608
2.429453682788022,-1.5824097967915032,1.2087951016042484,-1.1529561140034812
5.536613315178759,-0.05216051153797685,1.9739197442310115,3.484452803640782
4.183703994621247,-0.8201610254738922,1.589919487263054,1.363542969147355
1.412411371483795,-6.600405705611317,-1.3002028528056586,-7.187994334127522
5.111498865234852,0.016048047854674508,2.0080240239273373,3.1275469130895264
3.197237438250842,-1.223565434146434,1.388217282926783,-0.02632799589559176
3.112183003435595,-0.6530237371937533,1.6734881314031234,0.45915926624184156
1.8750379246326663,-3.976105072132362,0.01194746393381918,-4.101067147499696
4.504064404686967,-0.4440428638136029,1.7779785680931985,2.060021540873364
0.9297482621672302,-7.487410429272442,-1.743705214636221,-8.557662167105212
5.685478844837206,0.8270218873062225,2.4135109436531113,4.51250073214343
6.803065947979478,0.9930269395088303,2.496513469754415,5.796092887488308
3.316706628782022,-4.40073417225792,-0.2003670861289597,-3.084027543475897
1.1309801015953118,-5.317092133864881,-0.6585460669324403,-6.186112032269569
5.222448887670176,-1.4963333003389736,1.2518333498305132,1.7261155873312026
2.4861032880501712,-3.7756875125062863,0.11215624374685684,-3.2895842244561146
2.719220954419753,-5.665839890706164,-0.832919945353082,-4.946618936286411
2.145432935137835,-5.683396161459434,-0.8416980807297174,-5.5379632263216
3.957890106582513,-2.0435620429294286,0.9782189785352856,-0.08567193634691589
3.3396089390242274,-2.8310541300158634,0.5844729349920683,-1.4914451909916364
5.387022624859069,1.3560946118071175,2.6780473059035588,4.743117236666187
6.182633769612474,-0.42120230075852083,1.7893988496207396,3.761431468853954
3.126222132105555,-3.165651190883241,0.4171744045583794,-2.0394290587776864
6.241865355620835,-1.3272619841641249,1.3363690079179376,2.91460337145671
5.635979903964525,-2.9958129824955924,0.5020935087522037,0.6401669214689321
4.9369152110341945,-0.04683824372710621,1.976580878136447,2.8900769673070883
5.7056260770422185,0.5324839625828095,2.2662419812914045,4.2381100396250275
4.88017435785349,0.25537692945060764,2.1276884647253036,3.1355512873040983
5.233639692796824,-0.7437726455416291,1.6281136772291855,2.4898670472551947
4.673434133487983,-1.2054046492252006,1.3972976753873998,1.4680294842627823
1.356952889766311,-5.354134470739371,-0.6770672353696858,-5.997181580973061
4.671941281396923,1.297296677339169,2.6486483386695845,3.969237958736092
5.341899554877234,-1.2046908006054855,1.3976545996972574,2.1372087542717484
1.0565661861353934,-4.996264206089423,-0.49813210304471167,-5.9396980199540295
4.693327665759043,-2.506125834183411,0.7469370829082943,0.18720183157563097
3.196974514578176,-0.7074978439880806,1.6462510780059598,0.48947667059009525
5.481614667487376,-0.9372728543090805,1.5313635728454598,2.544341813178296
3.566628204158754,-1.7210726379053207,1.1394636810473395,-0.15444443374656658
3.6575952809622723,-1.694497844547044,1.152751077726478,-0.03690256358477162
4.79996509446564,-1.6173170891030997,1.19134145544845,1.1826480053625406
2.796794981615546,-3.0155889040101433,0.4922055479949282,-2.218793922394598
4.786000527984601,-0.9606766893847198,1.51966165530764,1.8253238385998811
2.2839083939262066,-2.5722378940011055,0.7138810529994474,-2.2883295000748984
3.433610931954252,-1.239324216181097,1.3803378919094516,0.19428671577315493
1.4850497221604866,-4.528757291095385,-0.2643786455476924,-5.043707568934899
2.025164259474118,-6.986635354605439,-1.4933176773027195,-6.961471095131322
2.814018193865273,-2.1998231790364042,0.9000884104817979,-1.3858049851711312
4.494760881934266,-3.002059216425108,0.49897039178744584,-0.5072983344908419
3.382151768264406,-4.304127194113876,-0.1520635970569384,-2.921975425849471
2.794793115532806,-3.310558031499779,0.34472098425011055,-2.5157649159669733
4.006229123464086,-4.339951136983197,-0.1699755684915989,-2.333722013519112
2.3555541300887635,-2.151592008379446,0.9242039958102771,-1.7960378782906825
4.794218249711242,-2.098521306044466,0.950739346977767,0.6956969436667756
4.300162124222253,-1.7260552669619793,1.1369723665190103,0.5741068572602739
2.7304721442748487,-3.2744131605594085,0.3627934197202958,-2.5439410162845597
2.4889992552561138,-4.4210290410170465,-0.21051452050852304,-3.932029785760932
4.839407609863989,-3.0601589503084234,0.4699205248457884,-0.22075134044443434
2.761856740921596,-4.825262675030762,-0.41263133751538117,-4.063405934109166
3.5721546104565856,-2.283983520379928,0.8580082398100359,-0.7118289099233426
4.121191021143849,-2.8175382056194533,0.5912308971902733,-0.6963471844756044
2.9013982840560084,-1.9989773412348957,1.0005113293825523,-1.097579057178887
3.702493202109445,-3.559873285638491,0.22006335718075454,-1.857380083529046
6.36996949541059,-1.1382707577498317,1.4308646211250842,3.231698737660758
2.5981961380906733,-3.3848125115400407,0.30759374422997976,-2.786616373449367
6.332478280396716,0.8663043907770951,2.4331521953885478,5.198782671173811
1.9182611006884391,-3.978409607832506,0.010795196083746794,-4.060148507144067
6.003282724841532,-0.8309011598433504,1.5845494200783248,3.172381564998182
4.749018619364074,-1.1013190768795305,1.4493404615602348,1.6476995424845435
2.955881666281578,-2.5181187054415988,0.7409406472792007,-1.5622370391600207
5.850621691500129,-0.5371032702366114,1.7314483648816943,3.3135184212635167
1.865948833276898,-5.745205173254625,-0.8726025866273126,-5.879256339977727
3.8308637866659563,-2.6683570337746363,0.6658214831126819,-0.83749324710868
1.7227807533958348,-5.385879014643426,-0.692939507321713,-5.66309826124759
6.0131609345519195,0.610519143373109,2.3052595716865545,4.623680077925028
4.749935691324558,0.7183626159517433,2.359181307975872,3.468298307276301
4.761354624438479,-1.3407990395953795,1.3296004802023103,1.4205555848430986
4.650068784655593,-0.7715194678028054,1.6142402660985973,1.8785493168527878
5.0049937791505155,-2.748823015998247,0.6255884920008765,0.2561707631522687
3.9464296367732823,-2.594001896039938,0.7029990519800312,-0.6475722592666553
3.0009780573213636,-2.582885464109,0.7085572679455,-1.5819074067876364
2.5863147060887477,-3.79149868609567,0.10425065695216496,-3.205183980006922
3.9675248854000245,-0.9300834738725099,1.534958263063745,1.0374414115275146
4.937016397656832,0.43367386399151586,2.2168369319957577,3.3706902616483476
5.555474279137279,-0.9469360245923921,1.526531987703804,2.6085382545448867
3.7668720520512,-0.22428438364410308,1.8878578081779485,1.5425876684070967
7.183033329876784,2.1868703480989478,3.093435174049474,7.369903677975731
4.5710192582112334,-2.060755153165654,0.9696224234171731,0.5102641050455798
5.442951836981104,-1.1023391286532147,1.4488304356733925,2.3406127083278894
3.8140955493157573,-0.5029432624816932,1.7485283687591533,1.3111522868340644
6.866405659172358,0.3504482882620006,2.1752241441310005,5.216853947434359
4.444301546673689,-1.533015171443743,1.2334924142781285,0.9112863752299458
4.779118215023545,-1.6701843186240501,1.164907840687975,1.108933896399495
3.1542082433540592,-4.124304641510587,-0.062152320755293866,-2.9700963981565285
3.618604622401144,-2.6294979066409434,0.6852510466795283,-1.0108932842397993
4.169674697092675,-2.6341222499291055,0.6829388750354473,-0.464447552836431
2.238500951526343,-3.4991887704161844,0.2504056147919079,-3.260687818889841
2.8318489173539287,-4.541424434935035,-0.27071221746751717,-3.7095755175811056
4.627496030573006,-1.6549142603126539,1.172542869843673,0.9725817702603523
5.012944260968604,0.23063763666861936,2.11531881833431,3.243581897637223
5.168136117944268,-1.1125876012452776,1.4437061993773612,2.055548516698991
3.2869636414154035,-2.0971665757232585,0.9514167121383708,-0.810202934307855
2.9460066492054064,-3.2491311580979243,0.37543442095103785,-2.303124508892518
6.488407019508657,-1.2281139120455737,1.3859430439772131,3.2602931074630837
4.625362183711976,0.14905808025586165,2.074529040127931,2.774420263967838
4.398091104325507,-3.4931717647572733,0.25341411762136334,-1.095080660431766
2.891147435049482,-2.5459405370763393,0.7270297314618304,-1.6547931020268574
4.428393226735026,0.7430791733314743,2.371539586665737,3.1714724000665004
2.6969891729316675,-4.325582660610667,-0.16279133030533388,-3.6285934876790007
4.872086947157442,-1.687376277700362,1.156311861149819,1.1847106694570797
4.246585908984349,-1.4748421983763114,1.2625789008118442,0.7717437106080376
5.336292701824157,0.8477892966968494,2.4238946483484245,4.184081998521006
4.458856032008885,-3.0133833561213588,0.4933083219393206,-0.5545273241124733
4.486285712156805,0.7440906362808026,2.372045318140401,3.2303763484376082
4.61891585508554,-1.3294542441891468,1.3352728779054266,1.2894616108963923
4.74904781428976,-1.3795723999961111,1.3102138000019443,1.3694754142936492
0.9488829584933023,-5.172540678377654,-0.5862703391888271,-6.223657719884352
3.683799760614068,-4.572194806660827,-0.2860974033304131,-2.8883950460467585
1.9879980373076385,-6.316580978971253,-1.1582904894856263,-6.328582941663615
3.435709709815064,-2.788292205370483,0.6058538973147585,-1.3525824955554189
4.918429825078553,0.33805289466126576,2.1690264473306327,3.2564827197398185
4.4248495305567825,-1.7030904564735367,1.1484547717632316,0.7217590740832458
2.1897638649645206,-3.335990454754299,0.33200477262285044,-3.1462265897897788
5.533456728256715,-1.181101103963378,1.4094494480183108,2.3523556242933368
3.2697376334433788,-2.169622965819481,0.9151885170902594,-0.8998853323761025
5.332410909934486,0.11261942893028687,2.0563097144651437,3.4450303388647736
3.5215354643579935,-3.0144029440200244,0.4927985279899879,-1.492867479662031
3.196376425063766,-3.5347220408487496,0.2326389795756253,-2.3383456157849833
2.054953217976374,-5.348656855208439,-0.6743284276042194,-5.293703637232065
2.8813455641233774,-3.3521334075637097,0.32393329621814515,-2.4707878434403323
6.554416222104976,-0.8809503900976545,1.5595248049511727,3.673465832007322
3.630056134604651,-2.6697036425427467,0.6651481787286266,-1.0396475079380956
4.0870057961572845,-0.9531033748269462,1.523448312586527,1.1339024213303386
4.269640865468178,-0.20389294225855115,1.8980535288707245,2.065747923209627
6.078923547059023,0.8288293269196267,2.414414663459813,4.907752873978649
4.4110997984893965,-2.2525234311476323,0.873738284426184,0.1585763673417645
4.894613367407357,-0.10045178757961248,1.9497741062101936,2.794161579827744
5.920332607005517,1.5738229723879953,2.786911486193998,5.494155579393513
2.3288286149885282,-2.562131252950743,0.7189343735246285,-2.2333026379622143
6.404535108880751,0.5926456337630341,2.296322816881517,4.997180742643786
4.488091152566119,-2.839694096630172,0.5801529516849139,-0.3516029440640531
-0.702853793245076,-8.221437912175439,-2.11071895608772,-10.924291705420515
4.955142244734911,0.8390123222245802,2.41950616111229,3.7941545669594907
1.7991016428542652,-3.5863208379600655,0.20683958101996724,-3.7872191951058003
2.6391024607802787,-3.1228297299178367,0.43858513504108165,-2.4837272691375585
4.313963021539483,-1.4573793336664829,1.2713103331667586,0.8565836878730004
4.97517043067153,0.12805896560582353,2.064029482802912,3.103229396277353
1.3548617777051097,-4.581526690136825,-0.2907633450684126,-5.2266649124317155
6.399571679797661,0.6242206507850203,2.31211032539251,5.023792330582681
4.6453873835492,-0.33884400771990886,1.8305779961400455,2.306543375829291
6.269479074476511,-1.1198634845332887,1.4400682577333557,3.1496155899432225
4.1108119813587,-0.33158801416939765,1.8342059929153012,1.7792239671893026
2.024223097296276,-5.729912228321357,-0.8649561141606787,-5.705689131025081
3.8885123835796254,-2.3217492805885684,0.8391253597057157,-0.43323689700894336
4.368733680129133,-1.957502989245384,1.0212485053773082,0.411230690883749
4.2623191493884685,-0.981506413544829,1.5092467932275855,1.2808127358436396
3.602140106399611,-2.492792658914252,0.7536036705428738,-0.8906525525146415
4.927824707524378,0.7721830618626537,2.386091530931327,3.7000077693870317
5.606753883934226,1.9733106762613142,2.986655338130657,5.580064560195541
5.1197623714195295,-0.7427342958084204,1.6286328520957898,2.3770280756111095
4.280025984562755,-1.9236088992000357,1.0381955503999822,0.35641708536271977
3.5655306447015604,-3.3445702782379856,0.3277148608810072,-1.7790396335364251
4.802743834550269,-0.8628974787353074,1.5685512606323462,1.9398463558149621
5.196730342548084,0.24735723517345054,2.1236786175867253,3.444087577721535
2.4938176858404053,-2.6108167456513978,0.6945916271743011,-2.1169990598109925
-0.38270867382924045,-8.284458454429618,-2.1422292272148087,-10.667167128258857
4.62777575397917,-2.1665225628804587,0.9167387185597706,0.46125319109871166
6.582382635749843,1.443577290968106,2.721788645484053,6.025959926717949
4.443029161310078,-0.4525470392341009,1.7737264803829496,1.9904821220759774
3.9967945842179584,-0.44253517636498985,1.7787324118175052,1.5542594078529686
5.193830764666427,-1.447996930710337,1.2760015346448315,1.7458338339560904
2.254275017691645,-2.9739166888185284,0.5130416555907358,-2.719641671126884
3.651396201466702,-3.916622257076714,0.04168887146164302,-2.2652260556100123
3.4602869668834164,-0.9305167663667884,1.5347416168166057,0.529770200516628
2.8284044418010073,-4.033589163005894,-0.016794581502947104,-3.2051847212048874
1.0548613277082644,-5.279787985430324,-0.6398939927151619,-6.22492665772206
3.817027671579681,-0.147931558335888,1.926034220832056,1.669096113243793
3.3257983261099477,-2.5810239859840323,0.7094880070079839,-1.2552256598740845
3.5858215549800345,-2.8796025450891194,0.5601987274554403,-1.2937809901090849
4.713391238373243,-1.2749708338690495,1.3625145830654752,1.4384204045041926
2.6875879784482573,-2.227384981050853,0.8863075094745736,-1.5397970026025956
3.0822446704268627,-2.405281234879297,0.7973593825603515,-1.3230365644524344
3.1249313372466725,-4.047905751691426,-0.02395287584571304,-2.9229744144447536
4.5820509747014215,-1.3180625269591402,1.34096873652043,1.2639884477422814
4.486914905277035,-2.1790173805081996,0.9104913097459003,0.30789752476883614
4.6530985348225675,1.431724748181522,2.715862374090761,4.08482328300409
2.334363731892948,-5.144977215706828,-0.5724886078534142,-4.81061348381388
4.103756036060865,-1.3883535610931665,1.3058232194534167,0.715402474967699
1.321802890815277,-2.962427458518407,0.5187862707407963,-3.64062456770313
4.709196500750726,-1.0005971284933703,1.4997014357533147,1.7085993722573556
2.803465826411386,-2.8111531091139956,0.5944234454430022,-2.0076872827026095
3.507527215594358,-1.9198938624387165,1.0400530687806417,-0.4123666468443582
1.8241118152581253,-5.833116525490494,-0.9165582627452469,-6.009004710232368
1.4997859811806356,-5.157095324356656,-0.5785476621783281,-5.657309343176021
4.962199873936592,-1.4903995546786344,1.2548002226606827,1.471800319257957
3.6141851790222845,-4.09171880137671,-0.045859400688355034,-2.477533622354426
3.3266291577310594,-3.5601574865787122,0.2199212567106439,-2.233528328847653
3.608727922508927,-3.0416280815084242,0.4791859592457879,-1.4329001589994967
2.4844110213161894,-3.9309554781352154,0.0345222609323923,-3.446544456819026
2.195049455991168,-4.485244062362529,-0.24262203118126457,-4.290194606371362
4.352202196550449,-1.685904374221968,1.157047812889016,0.6662978223284812
2.4212678721575265,-2.330986635228134,0.8345066823859331,-1.9097187630706076
4.087944258442606,-3.2845522574919506,0.3577238712540247,-1.1966079990493448
2.9730034065874267,-4.808260141035332,-0.4041300705176656,-3.8352567344479054
3.629740167076672,-4.919426781163331,-0.4597133905816657,-3.2896866140866594
2.5918064011272506,-2.9347991707091454,0.5326004146454274,-2.3429927695818944
5.710426733843217,-1.290365028021512,1.3548174859892441,2.420061705821705
1.480645900200877,-6.047517194181632,-1.0237585970908158,-6.566871293980754
4.347119729386302,-0.6085036028037847,1.6957481985981078,1.7386161265825177
4.255646623803729,-0.7001788760139702,1.649910561993015,1.5554677477897587
5.410153963635831,-1.1822315493615356,1.4088842253192322,2.2279224142742957
3.8936060919912423,-2.2211941145973855,0.8894029427013073,-0.3275880226061434
2.4063763606722652,-2.5902694683125174,0.7048652658437413,-2.183893107640252
4.357311607884303,-3.0433305242310964,0.4783347378844518,-0.6860189163467931
5.383078455489013,-0.8898321649852516,1.5550839175073743,2.493246290503762
3.940876610534729,-3.936914296636526,0.031542851681737205,-1.9960376861017963
4.297266860188147,-2.411570827661559,0.7942145861692205,-0.11430396747341254
7.919696930134042,2.8570867604786425,3.4285433802393213,8.776783690612683
2.6203922103927475,-4.32877842976549,-0.16438921488274483,-3.708386219372742
5.07373307137743,-1.9163677077827692,1.0418161461086153,1.1573653635946606
5.328648557178113,-1.6389008549148336,1.1805495725425832,1.689747702263279
3.3536789612460796,-4.94608358677293,-0.4730417933864648,-3.5924046255268496
3.266101804178792,-2.8544730707702257,0.5727634646148871,-1.5883712665914342
3.2033965192571623,-4.298407298954045,-0.14920364947702258,-3.0950107796968824
3.9742149741151223,-0.6601968875982731,1.6699015562008634,1.314018086516849
3.302302841308478,0.22643647978340287,2.1132182398917014,1.5287393210918805
3.549752630891308,-3.1633410530515857,0.4183294734742071,-1.613588422160278
3.3251448893832904,-2.4432214157131558,0.7783892921434221,-1.1180765263298658
4.573921458175948,-1.5121419592941727,1.2439290203529136,1.061779498881775
5.796688773484829,0.5906574706992247,2.2953287353496123,4.387346244184053
6.414664450438606,0.9439664545269055,2.4719832272634528,5.358630904965511
0.6814491318118687,-6.3071925979225885,-1.1535962989612942,-7.62574346611072
3.9583108781723646,-1.506417158066718,1.246791420966641,0.4518937201056466
4.022050580574958,-1.6013234677803687,1.1993382661098155,0.42072711279458913
3.0557871213028367,-3.1934621744649667,0.40326891276751664,-2.13767505316213
2.8891264287716423,-4.003553989542949,-0.0017769947714747492,-3.114427560771307
5.583350429998191,-0.9540269399316639,1.522986530034168,2.6293234900665277
5.753556373246471,-1.726207101815372,1.1368964490923141,2.027349271431099
2.4304936911609114,-5.245934600272507,-0.6229673001362537,-4.8154409091115955
3.2428301673427002,-2.4639230472815177,0.7680384763592412,-1.2210928799388174
6.290656062029914,0.09794949008594545,2.0489747450429725,4.38860555211586
6.370816499063791,1.1679483589026893,2.583974179451345,5.5387648579664805
2.9853269493816357,-4.518600368591911,-0.25930018429595547,-3.5332734192102757
4.126135261169001,-0.19634290357359152,1.9018285482132042,1.929792357595409
1.8983534674138993,-3.7490493002094096,0.12547534989529519,-3.8506958327955103
3.105037363840104,-3.9045616393271247,0.04771918033643752,-2.7995242754870207
3.546199229591444,-4.020536831209367,-0.0102684156046835,-2.4743376016179233
3.060496277754839,-2.146691575461935,0.9266542122690326,-1.0861952977070963
2.862747083979866,-5.50860809140911,-0.7543040457045551,-4.645861007429245
4.657468422157988,0.8064024493557658,2.4032012246778827,3.4638708715137536
5.317804350674103,-1.6995221978054298,1.150238901097285,1.6182821528686733
3.253270389236941,-4.767772147205685,-0.3838860736028422,-3.514501757968743
1.8061796151027214,-5.496586660153992,-0.7482933300769958,-5.69040704505127
3.575864035292979,-1.8279174342719466,1.0860412828640267,-0.2520533989789676
6.444071248609206,0.9088937750645072,2.454446887532254,5.352965023673713
4.262314558786934,-2.2869651401595252,0.8565174299202374,-0.02465058137259135
1.2273352487778837,-4.728945673691149,-0.3644728368455745,-5.501610424913266
3.8927281957265,-1.4446574522962938,1.277671273851853,0.44807074343020603
3.8803832853516838,-2.4468153266184776,0.7765923366907612,-0.5664320412667937
4.278203075173789,-4.827377772337849,-0.4136888861689243,-2.549174697164059
1.5832275555714217,-6.172588786752569,-1.0862943933762845,-6.5893612311811465
2.8397838246917297,-2.1012675899138875,0.9493662050430562,-1.2614837652221578
1.0614107680937868,-6.647761092825832,-1.3238805464129162,-7.586350324732045
2.9725600459594794,-3.119678598814441,0.44016070059277934,-2.147118552854962
5.304317610460717,0.39520620697105047,2.197603103485525,3.6995238174317677
2.880509438916916,-0.7338577019594292,1.6330711490202854,0.1466517369574869
4.4839246489240905,-1.28978612361818,1.35510693819091,1.1941385253059102
3.2083629384861077,-3.4877049077124145,0.25614754614379276,-2.2793419692263073
4.5526915636103675,-2.9729047843213494,0.5135476078393253,-0.4202132207109823
4.470043136320755,-1.9376292883074901,1.031185355846255,0.5324138480132652
3.3003542725649524,-2.25489662017134,0.8725516899143299,-0.9545423476063878
4.494806311392562,-0.7069137878791265,1.6465431060604367,1.7878925235134355
5.910952205082376,2.434403373834238,3.217201686917119,6.345355578916614
5.60431602553023,2.1350728353535393,3.0675364176767697,5.7393888608837695
4.455025094519032,-1.8786566446435684,1.060671677678216,0.5763684498754635
1.6470608249379026,-3.0074698666976847,0.49626506665115755,-3.360409041759782
6.61652431589939,-1.9225827062986625,1.0387086468506688,2.693941609600728
6.8653890446195485,0.6643112215303923,2.332155610765196,5.529700266149941
2.797957717366251,-3.411598083907411,0.29420095804629454,-2.6136403665411594
5.5068480751388185,-1.537305062139208,1.231347468930396,1.9695430129996105
4.849061142373949,-2.454321042044709,0.7728394789776456,0.3947401003292399
4.847895134297054,-1.1344100337036844,1.432794983148158,1.7134851005933696
3.938064240587519,-2.4998528299421063,0.7500735850289469,-0.5617885893545871
5.270010568922233,-0.4249166299423148,1.7875416850288426,2.8450939389799186
3.0891649045079106,-2.5744983982772016,0.7127508008613992,-1.485333493769291
1.243324748026966,-4.839815077167545,-0.4199075385837723,-5.596490329140579
6.391359978327506,0.4887126359340628,2.244356317967031,4.880072614261568
5.939212077190664,0.625356455947728,2.312678227973864,4.5645685331383925
3.0581147872986802,-0.7683582427140858,1.615820878642957,0.28975654458459443
4.661542398943602,-1.1027908146344008,1.4486045926827997,1.5587515843092008
5.037167571775747,-0.6834573118479053,1.6582713440760473,2.3537102599278414
4.565661791783536,-2.780366255492445,0.6098168722537777,-0.2147044637089086
5.32621779414654,-0.8095835392566526,1.5952082303716737,2.5166342548898877
3.0112099415777163,-2.603735957833128,0.6981320210834361,-1.5925260162554118
3.826224285751641,-1.7127499457100683,1.143625027144966,0.11347434004157242
4.060685735744207,-1.315406652137904,1.342296673931048,0.7452790836063032
2.2682798920287754,-4.480142571565711,-0.2400712857828553,-4.211862679536935
2.5911117970264237,-1.4432362558019176,1.2783818720990412,-0.8521244587754939
2.5868142088201243,-2.6749875134010352,0.6625062432994824,-2.0881733045809105
1.9002855913531755,-6.648425528301223,-1.3242127641506114,-6.748139936948047
3.849405114789365,-2.9549783259881353,0.5225108370059324,-1.1055732111987702
3.6970242718765634,-1.577768951028455,1.2111155244857725,0.11925532084810853
3.58153586321509,-1.2330025337928647,1.3834987331035675,0.3485333294222257
2.252510136014177,-4.8115187752173885,-0.40575938760869446,-4.5590086392032125
5.046530878675098,-0.5638084785670907,1.7180957607164546,2.4827224001080066
1.2174449001564946,-5.955742399333909,-0.9778711996669545,-6.738297499177414
2.799943585605149,-4.394341677199014,-0.19717083859950701,-3.594398091593865
5.7380737810333295,0.5651378701963812,2.2825689350981904,4.303211651229711
2.210940780877103,-3.689420828198304,0.15528958590084807,-3.478480047321201
3.844437148832667,-3.8137708211882586,0.09311458940587058,-1.9693336723555916
3.5312404332690788,-4.795434505643277,-0.3977172528216386,-3.264194072374199
4.800251775371745,-1.6225399228476822,1.1887300385761588,1.1777118525240629
3.4214148081289135,-2.4309198515972064,0.7845400742013967,-1.009505043468293
4.10978353520737,-1.6040070815653422,1.197996459217329,0.505776453642028
4.913068729070816,-0.5881884206818411,1.7059057896590795,2.3248803083889746
2.6095214629207146,-3.652476309831213,0.1737618450843934,-3.0429548469104986
4.483300467220173,-1.0365603264471168,1.4817198367764415,1.446740140773056
2.4256918925942945,-3.0954659597023255,0.45226702014883735,-2.6697740671080306
3.6240362656636806,-4.499406605120278,-0.24970330256013895,-2.8753703394565973
1.8337466837954706,-4.60736248940067,-0.3036812447003352,-4.773615805605201
3.578044662475576,-2.473430889432862,0.7632845552835689,-0.8953862269572863
2.5401790332412606,-3.2201686350962544,0.3899156824518728,-2.6799896018549942
2.1591900396760337,-2.39008346976102,0.80495826511949,-2.2308934300849868
4.473313887321237,-1.3562839714194341,1.321858014290283,1.1170299159018033
0.7963263828580525,-7.43737406104269,-1.718687030521345,-8.641047678184638
5.469160580304563,-1.3280259416508011,1.3359870291745994,2.141134638653762
5.457534306001946,-0.9913149408257893,1.5043425295871053,2.4662193651761575
4.621882151026675,-0.7451430612314456,1.6274284693842773,1.8767390897952296
3.4554705393429366,-4.251064163584175,-0.12553208179208752,-2.7955936242412385
4.6245979467627,-1.1631771607100188,1.4184114196449906,1.4614207860526807
4.784142291874409,-0.49128482078845837,1.7543575896057708,2.2928574710859504
2.704847501552762,-4.139226496207214,-0.06961324810360692,-3.434378994654452
6.6291737250245895,1.2586937757138972,2.629346887856949,5.887867500738487
5.856645186273216,0.5384779035905845,2.269238951795292,4.395123089863801
4.9278387395550975,-1.6632395011597358,1.168380249420132,1.2645992383953615
3.364707919320627,-5.194800888885305,-0.5974004444426524,-3.830092969564677
3.1755888007186464,-3.6415441245685205,0.17922793771573975,-2.4659553238498737
2.3839626846527304,-4.587670186565202,-0.2938350932826008,-4.203707501912471
2.351541813066114,-3.502184835734972,0.24890758213251396,-3.1506430226688575
6.094890866131978,1.0266417688591,2.5133208844295503,5.121532634991078
3.7712417555369315,-0.7605544888603417,1.6197227555698293,1.01068726667659
4.44925998912844,-1.1451623925953238,1.427418803702338,1.3040975965331165
5.129154212355335,-0.3696810486059665,1.8151594756970169,2.7594731637493677
2.0452217480232076,-3.866511449958242,0.0667442750208791,-3.821289701935034
2.225572124225259,-4.7595233976333375,-0.37976169881666877,-4.5339512734080785
6.178476360422669,-0.07003821663996446,1.9649808916800178,4.108438143782704
3.4149438760545885,-2.5720321153503924,0.7139839423248038,-1.157088239295804
4.709601364644365,-0.7858965642991018,1.607051717850449,1.9237048003452626
5.852932729248888,1.3551829864860907,2.677591493243045,5.208115715734978
7.360698777398548,1.3239437001304522,2.661971850065226,6.684642477529001
1.9880544400426623,-5.480570016356744,-0.7402850081783716,-5.492515576314081
3.7597700176519626,-4.787157329355926,-0.3935786646779629,-3.027387311703963
2.2735328779751462,-4.651087668118516,-0.3255438340592578,-4.377554790143369
1.9227923344213997,-4.351996605217242,-0.17599830260862115,-4.429204270795843
4.845625493944474,-0.15574502002778767,1.922127489986106,2.689880473916687
5.572546887845878,-1.36120174648925,1.3193991267553749,2.2113451413566274
2.630517511173343,-4.538545517435173,-0.2692727587175867,-3.9080280062618304
6.181894413700591,0.7533372996185732,2.376668649809287,4.935231713319164
4.698970713256773,1.4788604572876731,2.739430228643837,4.177831170544446
2.329898400049739,-4.639777335240922,-0.3198886676204611,-4.309878935191183
3.9525563052534,-2.2776710371887616,0.8611644814056192,-0.3251147319353617
5.37324695731793,-0.8863851160440275,1.5568074419779863,2.4868618412739023
6.450199963295887,1.2531090445352704,2.626554522267635,5.703309007831158
2.186566626445652,-3.6358908764489817,0.18205456177550916,-3.44932425000333
2.796989394271038,-4.427465230800815,-0.21373261540040756,-3.6304758365297776
3.537373600310579,-2.9211327060225516,0.5394336469887242,-1.3837591057119727
3.6542372095474747,-2.49934263822236,0.7503286808888201,-0.8451054286748853
3.5329463953943026,-2.31677263398781,0.8416136830060948,-0.7838262385935078
4.12348765486183,-3.4894054385100786,0.2552972807449606,-1.3659177836482481
5.472512339115021,-0.9011732239837356,1.5494133880081322,2.571339115131286
7.227955036040702,2.3059586078451595,3.1529793039225797,7.53391364388586
4.71266070304005,-0.34276704897639565,1.8286164755118022,2.369893654063654
4.151582243944259,-0.056872014600817034,1.9715639926995916,2.094710229343442
2.6791972648852953,-3.1814895982965714,0.4092552008517144,-2.502292333411276
2.6520232892405553,-3.9184115537842326,0.04079422310788383,-3.266388264543677
2.4378486930357135,-4.244713411122475,-0.12235670556123734,-3.8068647180867616
3.9044351458546265,-2.430980722360454,0.784509638819773,-0.5265455765058277
5.2460966065797,-0.6604183380334767,1.6697908309832616,2.5856782685462236
1.2201419334550887,-4.521730695692288,-0.26086534784614357,-5.301588762237198
4.665470697174547,-2.327636838861835,0.8361815805690823,0.3378338583127125
5.800089134467208,-1.6968995794316626,1.1515502102841686,2.103189555035545
2.8628833197170405,-1.7788013257615827,1.1105993371192087,-0.9159180060445422
3.434965313649836,-1.59539171621439,1.2023041418928049,-0.16042640256455432
2.8799544023030488,-1.7548164722242274,1.1225917638878864,-0.8748620699211787
4.696261976478151,-1.8041139576272083,1.0979430211863959,0.8921480188509423
6.0710035095894685,0.3716458877647937,2.185822943882397,4.442649397354262
4.966479031383811,-0.2732737551060225,1.8633631224469887,2.6932052762777885
3.119511177460742,-1.581954147481356,1.209022926259322,-0.4624429700206143
3.4764758790112866,-0.9170273225360732,1.5414863387319633,0.5594485564752134
6.942818516424752,3.17281705852169,3.586408529260845,8.115635574946442
1.553059122270609,-4.869970311147813,-0.4349851555739064,-5.316911188877205
5.546889610139095,-1.8120641580897385,1.0939679209551307,1.7348254520493565
4.4421212955127745,-1.7427962140971751,1.1286018929514126,0.6993250814155995
6.061473858904863,1.7458150131243357,2.872907506562168,5.807288872029199
4.950608215600221,-3.2316512618482456,0.3841743690758771,-0.2810430462480249
4.507602179568084,-3.044388775890386,0.4778056120548071,-0.5367865963223011
4.68496858212721,0.8554290401763796,2.4277145200881898,3.5403976223035905
4.504108584256183,-1.7801389457249694,1.1099305271375153,0.7239696385312142
2.501382929350262,-3.8850993520500867,0.05745032397495664,-3.3837164226998246
3.34694951782755,-3.254095204548819,0.3729523977255903,-1.907145686721269
2.610406857263786,-5.156137109845894,-0.5780685549229472,-4.545730252582108
5.026948935925081,0.9697167736826326,2.4848583868413163,3.9966657096077145
2.9062555456351857,-4.0450835815772,-0.022541790788599858,-3.138828035942014
4.390084443775131,-2.639351546674164,0.6803242266629178,-0.2492671028990332
1.7177068966826528,-6.756180179459689,-1.3780900897298447,-7.038473282777037
2.0224147812215003,-4.679100307675839,-0.3395501538379193,-4.656685526454337
2.904342455000913,-4.751436926207778,-0.375718463103889,-3.847094471206865
2.562192217764772,-2.8798908444765368,0.5600545777617316,-2.3176986267117643
4.359230668538713,-0.635535711434831,1.6822321442825845,1.7236949571038824
4.4522561748171565,-2.0587695475062833,0.9706152262468584,0.3934866273108736
3.6746089691962363,-0.6235340105415821,1.688232994729209,1.0510749586546542
6.3568345137466205,1.1417505859302666,2.570875292965133,5.4985850996768875
4.700164341266439,-1.2028003550991608,1.3985998224504197,1.4973639861672785
3.5261759453098915,-1.2740764738682615,1.3629617630658692,0.25209947144163025
3.0040743507442014,-2.297379187439907,0.8513104062800465,-1.2933048366957058
1.4633332012611855,-6.696941222116108,-1.3484706110580542,-7.233608020854923
3.5066563052659188,-2.198471936918053,0.9007640315409735,-0.6918156316521343
6.0779818083365384,0.6248403508118421,2.3124201754059213,4.70282215914838
3.6134403263745396,-3.761423041859744,0.11928847907012807,-2.1479827154852043
4.812368571501142,0.43106454738970834,2.215532273694854,3.2434331188908496
4.683935294956915,-1.4426941629323964,1.2786529185338018,1.2412411320245185
5.02712398488597,-0.6859014155266865,1.6570492922366569,2.3412225693592834
4.370759600479262,-1.269327966449422,1.365336016775289,1.1014316340298402
2.951294870285323,-0.7173971706792757,1.6413014146603622,0.23389769960604756
2.737470645782436,-1.9280506964411215,1.0359746517794393,-1.1905800506586854
4.502072647248257,-1.1530964694011143,1.423451765299443,1.348976177847143
3.2879990637713736,-3.599179444536147,0.20041027773192666,-2.311180380764773
3.6485475767263096,-2.1342792733125586,0.9328603633437207,-0.4857316965862491
