x_1,x_2,y
0.43599490214200376,0.6218425942287253,3.2390605559072942
0.025926231827891333,0.5655790165051017,2.7888247482449793
0.5496624778787091,0.15267096210078568,2.6033393094907478
0.4353223926182769,0.8134368490482173,4.272558276128778
0.42036780208748903,0.983461979939352,5.019350848594604
0.3303348210038741,0.6335751503771461,3.396171523612316
0.2046486340378425,0.5814375290884598,2.714859444271451
0.6192709663506637,0.14859129794090387,2.1327657010627394
0.29965467367452314,0.2766734163504597,2.6468402633460593
0.26682727510286663,0.36052270006517617,2.417151439210405
0.6211338327692949,0.19171003873167003,2.8205160832451055
0.5291420942770391,0.9903937285006211,4.74784407516579
0.13457994534493356,0.9232690293671901,4.048189493478403
0.5135781212657464,0.3720753688922067,3.539041667408269
0.18443986564691528,0.14515563049754965,1.162882394158076
0.7853351478166735,0.39557349147376264,3.6449154590523443
0.8539752926394888,0.16430447234298473,3.1381340119633876
0.4942368373819278,0.5382189951265482,4.002845952099225
0.846561485357468,0.17835428495931482,3.1356364754246617
0.079645477009061,0.04904434686440917,-0.6498113334182348
0.505246090121704,0.6143392207659898,3.5600444747317797
0.06528650438687811,0.38100548510647503,1.7595936172137359
0.42812232759738944,0.6834748925206054,3.2101787519302243
0.09653091566061256,0.5225032246220753,2.347194649477396
0.12715997170127746,0.6276310734226936,3.091637370637656
0.5967453089785958,0.31849251190753924,4.137651158001154
0.22601200060423587,0.5822276842030457,3.700235073779984
0.10694568430998297,0.4945729921968276,2.4595167283571295
0.2203062070705597,0.5943170083418827,2.124008963798246
0.34982628500329926,0.007683682044184459,1.1933497751531648
0.46778748458230024,0.9648979116352259,4.509087911384515
0.20174322626496533,0.23510754381946286,0.9906933662737273
0.6404067252149148,0.07668562218233155,2.749365185060683
0.48306983555175165,0.29482245129793205,2.2074469895956232
0.5052367200185491,0.6929346471147287,4.5908687041473035
0.3868926511185593,0.9327334720570601,4.9581493038213456
0.7936374544415771,0.8441509411190785,6.190044820879052
0.5800041788778066,0.32669362474231844,2.9247970414682096
0.16229859850231387,0.8321709215829122,3.710891628199055
0.7007523466071562,0.05439583688470562,3.0565122109204204
0.9645510800892552,0.09283046373768367,3.5866032341613345
0.5000083611702167,0.1863475301363715,2.4026370711658744
0.8895200639461449,0.7877663456138179,5.803851887841897
0.34161365267110966,0.7242438157483649,4.182719706321009
0.5671441276277093,0.13113783938663404,2.152786419379662
0.42754596329611005,0.7081286399706054,4.401823904024992
0.436747263026799,0.7617781810034896,4.294979650963539
0.7765591849971003,0.19086045228706738,2.2281442578558135
0.5356041734976563,0.670697173944027,3.444907336518927
0.9537422269448667,0.4056005671230052,4.136655430741268
0.5442081601481021,0.07340798171247953,2.911934700605482
0.0820949222750248,0.517454510279021,2.995513811594747
0.3663424016750204,0.49256720077586424,2.8630866775366277
0.8508505040045017,0.8819086975363026,5.669936967339212
0.4062750430479508,0.5601917243609971,3.201781162600259
0.02720236589484959,0.8402487318957161,3.3238198286245346
0.24717723899735333,0.4532566004757461,3.1517435141340844
0.06714437073695467,0.7155395748580899,2.7697126010378517
0.9938520114212729,0.969863999079907,6.108595050523753
0.9705803133771735,0.021115541682801497,2.732970145637738
0.8002583511325868,0.45130648612413493,3.5924578865053487
0.6018171214054674,0.4298542761049372,4.2689587650805345
0.7649598604516815,0.7800699914779802,5.3316726278206215
0.16922544658417793,0.018538498820843352,0.6213768824021936
0.2930232318194398,0.579852856890478,3.165644932053087
0.5240668753003642,0.2788243165974974,1.7072526842065348
0.3566242811227589,0.4765785224716641,3.088370510294436
0.04567896524540005,0.7172544240447256,3.242184492361662
0.9831534453572127,0.6298960406438773,5.255944431122317
0.4413549193548467,0.24619640901093431,2.4785244363041112
0.5040004393791526,0.2054060127343308,2.1520131100003543
0.32354131753469884,0.8506564028121215,4.312830426038081
0.25974475274713704,0.5075354593210375,3.2003214620530436
0.3868898853207624,0.9795599539218003,4.869489035733061
0.8320168996345009,0.6635207170549483,5.396376317300283
0.7367470562871129,0.22567160147062082,3.148567510190979
0.37921056694163746,0.1693611675274076,1.8104406285432675
0.01301733669455063,0.3242624197132037,1.0777874923261037
0.7974049390325936,0.763685054150652,5.084448152581871
0.2693887975963012,0.4602584519420009,2.6461142203103662
0.5826848885290346,0.5679286836949885,4.61146270898096
0.025550941849692754,0.5952058282638808,2.644854423839577
0.6622020192683258,0.1745637138837336,3.284815250204892
0.3875234258732815,0.34316919790052425,2.545222547032024
0.49707379873451263,0.2945036826831191,1.8811623359554537
0.4149058373746872,0.9362808605548839,5.580085021852001
0.3508719013016405,0.007554776276909814,1.056062181020307
0.5509779053244193,0.9561787972184321,6.029786875368818
0.9729106898748249,0.1411820503327439,3.861739317470425
0.11277621523807146,0.5441323298725129,2.939367202109816
0.3132585284297136,0.2625568762357756,2.218156025628128
0.04179770981531006,0.30441662931573577,-0.13381812795067227
0.7383997586209003,0.7626648292081758,5.684610038189278
0.657512387659044,0.6910556395190345,4.881963305892648
0.21463574639995364,0.7653961069359149,4.0862158685064
0.4167534401953371,0.18904678120773177,2.4575756408166107
0.643841934148195,0.20276088811928727,2.908491323777976
0.6614813267154414,0.7577139778984489,5.346775451519295
0.1704771334837707,0.12128531739603754,0.2737351348853144
0.8816522357485486,0.9072002945028561,6.328024622372931
0.7780081598084683,0.9237278685548937,6.388274595705414
0.133954208171691,0.5051445689963595,2.7524411572812513
0.8689166264320788,0.7032941537203996,4.982400094527274
0.7487778782768545,0.33448767151170766,2.66810508649292
0.7985856540990809,0.6367722605778523,4.642973388193813
0.5433452305839027,0.025020820024009516,1.753374308222665
0.2208379150614619,0.21928083139252896,1.6770702810161677
0.9184586465896005,0.4537084652911998,5.38793563753071
0.5920845776663763,0.4902183892077625,4.356909196064903
0.34623790945514643,0.9857320408866141,4.611868716540605
0.26377852928001977,0.9989014321048791,5.102600898191174
0.913915477165132,0.12309734611495737,3.028681324193588
0.4197354613068207,0.27615520267600935,2.760428118250612
0.5401915156671309,0.08258583479391357,1.6150304407443918
0.6084421578050496,0.3414169186629845,3.83879292272614
0.826249828434158,0.9489179993614694,5.998018143780481
0.6235631845621308,0.5697826073002427,3.9706337442957507
0.17671216158442604,0.03995352117594386,0.2299102739135787
0.5912573526535458,0.5206310638278737,4.26462987815613
0.48926616699485914,0.9330973092437727,5.233098943192541
0.5479077800903767,0.972793817486426,5.748719129395756
0.6995206197905481,0.9118584240014497,6.118565866292632
0.24581116390413071,0.7592627558464896,3.355228293496239
0.1866271455864802,0.2515639482272698,2.3952135452938728
0.11058314779616107,0.9005556371818463,4.319645862856005
0.2740592525360537,0.2971707938978475,2.127939370029657
0.010250039399590904,0.877628861896351,3.5422791119499046
0.6293597228295822,0.04139800524035486,1.9265544831672656
0.29517230521974247,0.05641115430945254,0.8469235848889334
0.18728654470189776,0.8031589867972329,4.235751741514328
0.09528805226080372,0.10670862785960422,0.8104848259428831
0.28375580746525464,0.4392071923252936,2.5989836504997847
0.21492438413069526,0.34315553644973706,1.7409000417861356
0.2856037339109023,0.27790752385662365,2.054661398182249
0.471409857469679,0.36205125507509506,3.883083352903692
0.549496821088408,0.48566179784320085,3.823014788772964
0.8451131155747016,0.8364316822527514,4.89112844067362
0.9885097007841643,0.6171837122570896,4.2845282163017755
0.04886808622935135,0.9073682661518652,4.132994751336031
0.23211825143616394,0.836709543976489,3.358231970176094
0.6433114272482352,0.14613108183789736,2.65946277013177
0.1614665628916767,0.4227643149943233,2.4875947889771948
0.8701458933690015,0.5330131236354042,5.090486877249091
0.21740242630502593,0.2557577719987282,2.66827590656342
0.741755038883449,0.5662862341161665,4.2929436379256085
0.6530205132311011,0.974220864213858,5.970462433420447
0.7988855115046296,0.2252204208518077,3.0013112729558453
0.031247562265261597,0.7845627794160681,2.587027096622229
0.22957402874434518,0.9949487819054583,4.284282293644315
0.7046274991204592,0.2540566981138993,3.859609023183378
0.08756250900112283,0.856061493917877,4.421673028648319
0.03058948319431931,0.17390205400411862,0.38538278065942333
0.35713493369956073,0.9220077491054214,5.166684416341069
0.5897819914717638,0.3042138252965325,2.904359615484768
0.05222272738416023,0.27801032294143313,1.7214186565216123
0.06566366620637754,0.9047349421426053,3.3785017802289152
0.043501186059715646,0.291166990346138,1.4577320722364897
0.3951507584675038,0.222095479412585,2.150963258357568
0.6684270460160577,0.3093356093422399,2.8116720370539814
0.1980271118161696,0.6734649174318738,3.014988135126111
0.8762664517041591,0.02161845651853711,2.4736932111601755
0.4323890954448474,0.15381638652382468,1.9280119340301742
0.6196414637099646,0.11093114119395475,3.1445208765757426
0.2904267429349884,0.5233251702256639,3.7719103848001874
0.6152545734642763,0.051286450197073896,2.863222334978032
0.9536599623823226,0.920648938392358,6.8564373705866055
0.44801471652408964,0.468311911255461,3.7134712872189013
0.20704983825331424,0.6152140783059646,2.600656560574253
0.42536729190538647,0.20067580306646204,2.121889699618555
0.4445742647637577,0.6958544411747163,4.687501607733401
0.5076174866719614,0.023979082144241715,1.8132606554333783
0.5257332498109579,0.07851153518255694,1.5777823764690306
0.042429191882546125,0.9126258822700576,4.036238941776188
0.16441908617012002,0.21504957797656044,1.4787677303326359
0.45022717961737324,0.49032382930724905,3.4206918482673863
0.7079711706189208,0.5231138754089475,3.9645566723550805
0.7775879083055336,0.18536888487412606,3.4279195344286424
0.7771029994696447,0.5894972138117053,4.627160781376965
0.5027787525092214,0.2612796866248742,2.188333499954322
0.9567475933072476,0.6557249640502378,5.507822358415456
0.33187371253987585,0.25723663639619876,2.3302858706914242
0.4814581623460332,0.4325020296041092,3.869960683787926
0.7483739993410363,0.5007597434264429,4.8416467027346055
0.8578395184395139,0.01938608172984757,1.7906103884918751
0.4144600551329115,0.10865334583091157,2.227980806080302
0.8486845142673234,0.08844196896568135,3.206160164347471
0.4445709417507092,0.4503698726680917,3.393880202330222
0.7157470842863543,0.5375232153637409,5.014273261191207
0.008448363578819729,0.976773268744416,4.799467437907217
0.025201423670748957,0.34494533901616387,1.812814296259119
0.9404504935420885,0.17885534208559006,3.508701311475618
0.10213794823119349,0.9671928129805215,3.9345370759172944
0.6619677904397077,0.5356013908208341,4.271029653592452
0.2832587438211208,0.9626562838855123,4.930405815272908
0.2008423437754454,0.35170912250707953,1.701070111898996
0.3883341821147591,0.07446317241651623,2.3666817186744686
0.9259015965084992,0.45400877727484146,5.403643243266585
0.5702742097507191,0.9789061753822561,6.103078771771066
0.9167146119578825,0.07154198732719408,4.033294933603921
0.7022642408197249,0.4758214311000296,4.5017385627097655
0.501216451687087,0.8487979759362574,4.7623298859183025
0.5060868335126388,0.21098669974021333,2.8574531614713576
0.21882078632937274,0.7921599611029504,4.882453696270776
0.004663522735049885,0.06465066494478566,0.20203935643918558
0.4178362440027158,0.314718079482574,1.9209418522017616
0.5633761103390351,0.17067347992067683,2.9049776927889637
0.8765618684233271,0.9743510099518713,5.715917528755196
0.6775848402279094,0.6068531894491115,3.996327693550792
0.8423330461034713,0.2789200519686732,3.865448945119975
0.92616128692492,0.9224811374351783,6.306446686549494
0.9411158736336223,0.5538729156996215,5.940995331904254
0.816019151924394,0.3560683292567989,3.9205289300747443
0.13139460547944382,0.7087192638539781,3.589132902149643
0.346630014990264,0.6749891840730818,4.337704634684027
0.2085024945255225,0.9622424982296733,4.5411421654674164
0.8673815371565234,0.06121882889447472,3.1461284286608855
0.7923302193062579,0.8772470709191594,5.020988657186558
0.3490016406838594,0.6518393007874765,4.7100141859440035
0.5691405320556354,0.1535448035410205,2.405107359448051
0.8051315402557015,0.40760415660311733,3.951765776845201
0.8331612447339762,0.05687286478947051,2.447781705602013
0.205793676950072,0.8705106007648173,4.235468373366095
0.7306802005261156,0.10021758529747926,2.324039248776943
0.803414164159449,0.2192781663287311,3.4189685401516097
0.04312903635336274,0.7086797565914607,2.66235011503879
0.10718740423157991,0.7609607187295762,2.6687789963343698
0.43508364985882764,0.21703341777258933,1.80581505653427
0.2208812218607441,0.15526877168262343,0.8858782119104379
0.8806220661656807,0.025174426572427744,2.943603540774413
0.7196875377244113,0.0798857657377745,2.552776830477465
0.713007293546981,0.8823524553851979,5.420918874708527
0.769859656992702,0.17912201269364458,3.1948243784119574
0.33074702616940477,0.4035790164957055,2.2978317892467133
0.2286102518330989,0.7700354300209138,3.748782534352349
0.6263439592010264,0.983078121355758,5.671771806760511
0.41447924952538917,0.872512057115136,4.942337147379736
0.9367810722341859,0.9227803485581098,6.065412139793061
0.6424524189027923,0.8319938239888064,5.1821050817576415
0.3869003430123682,0.3488546689889851,2.540679542051845
0.8551196608041906,0.637171171046398,4.568257644926581
0.38079258371620806,0.7072908114399099,3.9973047885911637
0.1783098277777202,0.41279721958337434,2.1646549028793802
0.7816594256660814,0.6033656921993164,5.21879289903794
0.4722085874158014,0.9708656283837974,4.749482536785848
0.2594804044042771,0.3266196688921018,1.3579294851177326
0.692399245881231,0.9205250328911312,4.9533266249887244
0.9804850789987785,0.987334243450504,6.997653177883352
0.24625358896778982,0.5869497045842165,2.8198885341855577
0.7902438025940453,0.9150484707247769,5.536536262945324
0.7623352442240589,0.7436668469623151,5.379868843950836
0.120039792177414,0.7187416581258436,3.663577120162806
0.8389025945590006,0.11314478547447981,3.9085227829108895
0.4617389047565317,0.7462805298929434,4.987829790288639
0.12578138255308757,0.17895601800448357,0.7706903523300928
0.5363434730960686,0.75700372516498,5.360270548648703
0.296512750794629,0.05977993503038137,0.7559914523212897
0.1757241932567306,0.8760246867964564,4.240404532349944
0.07923817070079964,0.1869048762319523,1.3708430137049568
0.19889909182949916,0.8581534369975184,3.294900077837726
0.42958861905641377,0.8955238779970862,4.937323396750839
0.6418117636288316,0.10243696636939792,2.3838259606361976
0.0873791787897964,0.11582891576771637,1.8148274546165992
0.7157305877709652,0.9751069314166164,5.745769376230375
0.10174481096338206,0.9842164375946953,4.619768717186398
0.17559907090882187,0.09629147700576624,0.8253566921482834
0.7133215621574106,0.6360091011696337,4.726048546175665
0.8852636744104891,0.3692925815043382,3.6684868763352756
0.9831383610430723,0.05897309923237126,3.675322899352661
0.6529069507012145,0.851773099405998,5.98843183761599
0.4777363530063754,0.6635825751903961,4.681246234284336
0.08778755488499446,0.06054717222705441,-0.3441945306426448
0.5589507946972767,0.4533136923378812,2.563462720899227
0.18115022940864645,0.4067994507499837,2.1339052175564692
0.5144020604712206,0.9849930426685167,6.046875311536699
0.6089301489343916,0.9945513275148214,6.206377601907014
0.8332124901226042,0.22660684015340204,3.2774685389377836
0.3237505822561465,0.7630792691990627,3.679343288148644
0.9888620933197065,0.6627363461417665,6.455335812827693
0.9949502599677932,0.43432350675659837,5.431458683170625
0.8261508194397967,0.5757737318442022,4.416447193950272
0.6941525454251833,0.41019613749988737,3.691015849884545
0.7336697980969766,0.03922930544180436,2.311099470749849
0.8752688098046626,0.7548741134227136,6.682916547958353
0.9515101483457323,0.7956853436169737,6.390394627557943
0.8522629265975512,0.9351169796032696,6.858892845777113
0.6409386397788642,0.5210831657525586,3.569966534015168
0.0734983847144366,0.06659197371002379,0.6257035308619129
0.6233847142958386,0.9266612943989905,5.524274168670204
0.35321389178551854,0.25105930810308763,2.1388792901275884
0.16477862322429637,0.13183592100848873,1.226079500846719
0.8931661865670434,0.14526041554983027,3.225551317555929
0.8248904812066794,0.5911642232160732,4.312208519591652
0.5266384238528333,0.3907620254434486,3.724293576706964
0.46344925615357246,0.7080392172175308,3.753474960484088
0.4893012881271256,0.08336799588508903,1.406668342579548
0.260720019719452,0.016463627944616865,-0.06982829168903237
0.4026379231331474,0.9602641195016774,5.225276616175247
0.43666987972703,0.09079350398567065,1.735995204624805
0.015056134248370046,0.34563322130554663,1.0989928397814324
0.8929058830787158,0.018786640914138508,2.31986847415808
0.029149317847511735,0.8834646552185981,3.7055179189098184
0.37289288401172616,0.8468417761533426,4.3584263447736475
0.09587331469277216,0.5885497850933615,2.1291047502224854
0.19696432035003852,0.15862831711931558,1.4519327673179063
0.9424206123971431,0.8015171578227176,6.486252796664766
0.37127117166789636,0.06764186136124983,1.5673515338008064
0.729000801821477,0.45711194921234644,4.438906311334977
0.1261601086290215,0.31582802419625033,1.7640083387937195
0.25128292170720934,0.9971353677713837,5.515521997813721
0.8812352971212315,0.9777412921273239,7.009562846383405
0.9032961504890155,0.8310791968302008,5.868807927670062
0.287635258215888,0.45105884323889944,3.218061662498548
0.9671131315122963,0.5025998963131021,5.094718471513412
0.668099335625191,0.5515948504838977,3.9594265049008186
0.5030067735343265,0.5590255353420015,3.413413088993987
0.3780024086485555,0.1820855383651998,1.720905843275515
0.3373682942964583,0.20128193796714355,0.8449297447678639
0.9520107050830011,0.7061384693927251,5.305830727185737
0.6933338285892229,0.8461625000071702,5.223090211296982
0.5341017000733372,0.9595108930694833,4.673808546246273
0.04348969793627744,0.7608453487966739,2.7431288612051414
0.24755087562254052,0.5548347357241061,2.471952485938933
0.9431707226672083,0.08557705285156003,2.4071288332972003
0.5568601662432533,0.08553468129012853,1.9453386859586255
0.35751823235523206,0.1525773263281387,1.7874444156265623
0.009450374137899287,0.7061830349266728,3.0254086781208125
0.25354826722492296,0.27816307754371317,2.4426776410577875
0.2542266901505368,0.4232516877942616,2.3694186956602947
0.1706855260340261,0.15242061474184665,0.883857940374263
0.3449799596771912,0.23682101532055888,1.9847811788944216
0.20264905134772382,0.370854627417906,2.715163129889876
0.06290154018084104,0.613431548343788,3.435831924507642
0.0979603958862586,0.9777073190895147,3.927605153596136
0.4967275023141151,0.1271867454253358,2.200301407430619
0.06966059041244543,0.29327583258718726,1.3064963110649235
0.9351535633514884,0.9966047711983431,7.079542517745606
0.20609763517058366,0.8831293534666796,2.9352257240841797
0.4642123499590466,0.9555219019503374,5.004829109782782
0.4146682571066369,0.5291447032361347,2.4274305770640847
0.2913377184329823,0.23577183369001986,0.24882694193740673
0.3235285148200442,0.20146370949857606,1.9662544750345554
0.21159758341613977,0.8038763880498134,3.39081815969411
0.28026828777019874,0.9314150208726029,5.2094791229676085
0.11710503569658959,0.6168999775150803,3.213061217709696
0.689251874777544,0.6864102624377016,5.44446819454903
0.6445261893744574,0.8836965141073494,5.880361730321431
0.3115294033429846,0.2573586927235978,1.7343456973151943
0.8802989561574968,0.5814751842792757,5.155437985214146
0.38637572509456086,0.5666544518691761,2.67199521915193
0.6110893003188685,0.9228900617161986,4.923046342837342
0.5231693261751952,0.3237633509129815,3.1145728628334823
0.3250568036101299,0.13800258655876674,2.421129882415718
0.9297904230651627,0.10377387109076719,3.3137746327421063
0.8482014089963038,0.2831060911725637,3.1145507808563533
0.841122948019908,0.0649859475129515,2.7476585106639675
0.9542886365563277,0.3063448907148921,4.391474910556601
0.0024824262680964715,0.5785052900834474,2.836255458672366
0.492119100230627,0.44594929277880535,3.338436058304956
0.9379131190646037,0.6452426690832229,6.262091375948601
0.134426759823139,0.5240662881344398,3.0439307486361917
0.24499413841416973,0.7568297787825465,3.966839833616159
0.505061920577141,0.4525681251711432,3.154051910284332
0.6784215098218827,0.773753077736802,6.337905230103279
0.3327599576169492,0.4738691697783355,2.6797848817989873
0.30636467159000724,0.7262129746825056,3.6740290408998764
0.775797911221549,0.7749964549109706,4.973787963248458
0.03285393822844762,0.8543417343178005,3.6466809199876384
0.785797862521729,0.1610842600216007,2.1305382848108514
0.4285402814602093,0.723303508772563,4.453903887588078
0.6290094571685604,0.01098044027560019,1.1183383831479532
0.7055030249067997,0.3999303506802149,4.041927303768341
0.09846862942141765,0.5656084540571171,1.8287708301614947
0.9038461648748866,0.02950849020542945,2.1780699159519648
0.8223124686177459,0.03839080535109174,2.224365033999928
0.37538143725374984,0.2392693967712035,2.1595770285119555
0.1947943284958592,0.35513543644601175,1.869770563362598
0.06280543805583938,0.700447181628089,2.469125674282031
0.30860892614021473,0.19060012452771735,1.574965363667011
0.713191960602056,0.3962357370984444,3.9918598083610943
0.813181716179893,0.9053251013139051,5.138248271647809
0.3265883012172395,0.3226395533962457,2.888962603233207
0.220289886607821,0.7656756461096179,3.6939885088967017
0.3273941836465408,0.5855896859328722,1.974738532408531
0.9643668363057485,0.05330102178514806,3.16719336683937
0.09609070017703092,0.9727510194643018,4.061881705231151
0.162183447643939,0.11029362498230011,0.6825336529249547
0.6942391189527605,0.3417346339622326,3.261895706743206
0.13976349904776564,0.9519059159905053,3.9989637748296443
0.26662589262979464,0.24325414220739272,2.1407545951264577
0.8031758724580768,0.9493265061054369,6.293446396667958
0.3006117838583663,0.6605040628359643,3.8432154080293364
0.5970165488712548,0.1922327196864716,2.4421637588846727
0.5728122877653568,0.14124913932576544,2.926356340211188
0.2654434715786691,0.9820499721840055,4.64097472377414
0.24873428889263027,0.4483066243513788,2.83275406284843
0.28967549066201626,0.7304973148993377,3.706585806916169
0.8759400724240313,0.1327531985154624,3.085129687706636
0.018758146770764816,0.5067811704531778,2.529914278411146
0.09163641211230289,0.09455646045669042,1.07578098616261
0.3412099591542521,0.4961381990371372,3.039960697429151
0.22030165511965094,0.009823190306610607,0.7664481803145078
0.5628573989157202,0.04178778226464486,1.6827271151882848
0.5394610945743267,0.9140586072444268,5.6019111054988855
0.49536200280432574,0.8895819112284482,5.227481610398298
0.30075307000335416,0.772571384180568,4.423525320736053
0.5114487253382032,0.5295419776965392,3.76452866194513
0.7862285167515535,0.16635181584779124,3.0293954618327024
0.8125055814922135,0.7382068609150509,5.824600799245878
0.5328408874958466,0.2140989559232599,2.393992104181236
0.806335214410517,0.05801608036285488,3.0291807471653382
0.034275479609645165,0.31568076154898317,1.8855100027742928
0.15406612089950988,0.585526333667859,3.544728221994511
0.7481850276686759,0.5818272898418394,4.674826970981703
0.38486989722228293,0.8312495028531044,4.635325642222541
0.31789849019534366,0.391949383589148,2.9917194051829625
0.5720088129669858,0.1496227388369471,2.4023382069067685
0.3724205151363791,0.039740801346274,1.5795753900126894
0.9095299099914621,0.19801348817374298,3.623253503747628
0.3869712250229682,0.9342182304429377,4.908254945813406
0.8362491954172746,0.03721911401043221,2.337763664789878
0.6017637200942211,0.638262019261747,4.47196780173191
0.9120187774422991,0.4364640178003395,4.808435110438777
0.4840535743546751,0.18704884294134094,2.3700929967295075
0.9585140665956837,0.6736933743788347,5.492802651718509
0.5767096604529512,0.5948238896928395,4.277993969632592
0.027744297986087574,0.06684591565806008,1.140888865156799
0.7388708492176713,0.6639109688369075,4.919230480531662
0.8614007965823308,0.07640023360960146,2.6299128005155303
0.09855000940345082,0.2237375658463352,2.0705267969666084
0.9634430408445729,0.5696313008904725,4.986599891636805
0.5634260361016372,0.7163218078301123,5.355570493181225
0.7407019109377186,0.5783165626977332,4.871753045335405
0.22400131801270218,0.8976681706338911,3.663465336256322
0.9411824956874715,0.7003775126869206,5.607050644271449
0.6433284592958726,0.9700233373007057,5.774037919281516
0.543318637933006,0.27432824305040726,2.6858016909445706
0.9613901971756731,0.9848298418897139,6.771141728403132
0.5569687326666585,0.194559416302169,2.8541906356387834
0.5316683919455354,0.1926463418262383,2.623853345094245
0.044766962053024884,0.18978030620228603,1.6559132482531131
0.5463889699642912,0.11805619653116417,2.0904281244550846
0.7443608893284424,0.6255413817104741,4.786521845335317
0.36840323003201225,0.00452812534931446,1.5465890800893973
0.6793260135812208,0.8075714190297948,5.324581383755805
0.5641078118839661,0.5990403645023467,3.9815091273402285
0.20797501638302762,0.3028670860740901,2.0986042942581364
0.5468139231215755,0.8908615623178063,4.8183070823873155
0.4759887408792546,0.8428253374360226,4.345466785385223
0.3377196207061569,0.6317201622209833,3.4102909294476778
0.6626352006348812,0.07565070652299377,2.6558639028767033
0.06115376859333066,0.9648365327076297,4.552875030405292
0.37277142561922716,0.6186351410071623,3.203900988442224
0.434109346885466,0.8939828050969089,4.709800447497621
0.973867621457174,0.1629846104349436,3.835657437108259
0.6981993545703531,0.027170927787304233,2.4229792637236844
0.6257886201294437,0.29920871572082997,2.7655998607424257
0.15594451246101437,0.7837014145265061,4.125410239799846
0.43509242639066503,0.8233710978025709,4.545795752561094
0.37123509889437645,0.8894453606733479,4.706847362162197
0.9403975501846134,0.3525664448777268,3.9989792765819487
0.45281763118207685,0.8181094217496508,5.255518473478993
0.8550999869224472,0.15502080009570718,3.7887886984467603
0.6536118514130062,0.5495727697039756,4.1245838106177946
0.8792869554171544,0.05064207969796819,3.525382892317722
0.003335444799077214,0.7200092019711091,3.466987462598331
0.9247882362767179,0.36200960420931594,4.63852834744832
0.9512937542798096,0.10787958693427202,3.350098397358173
0.15493551669335204,0.6649415914488057,3.624004935090022
0.06571067605898173,0.4260046393382785,1.657109724762128
0.3172833574910473,0.3192795013783305,2.0584437218919045
0.5855554498775786,0.36498943050900834,3.163750559585559
0.5241313450448837,0.7649501817329514,4.986186074098148
0.4351226187451721,0.40791733627633986,3.6343821637768015
0.9126771525142097,0.880751715284717,5.419958878785577
0.5699766519925502,0.15268904057496224,2.3314057014649365
0.9341367486942813,0.3869828259758974,4.040800034189313
0.5761543540560689,0.8691194927537582,5.4964135955571605
0.18518019414953268,0.5971806701265638,2.3385839907638792
0.9820787088866881,0.7248740856147611,6.7605423906987685
0.9985032604111037,0.8405134753618568,6.135753661007229
0.44646810833355155,0.5250928301459313,4.180660048233933
0.7624305583027201,0.12325240249941471,2.215841554447684
0.6365634181845816,0.32323156569299905,3.49664287343563
0.18524397491309819,0.26503623252715025,2.461898618943618
0.5792019600682361,0.15531825505435604,3.031162513260428
0.6542419346310836,0.6054035416997009,3.872479950875992
0.593740370195616,0.21373215586563332,2.1040533762631073
0.5414766389935005,0.8617310473093797,4.344168301806723
0.5918790685357836,0.4550884706590207,3.857729672321811
0.7089911722935779,0.8025280225021715,4.638755684702875
0.7709779736613112,0.8463532341233977,6.63772433380487
0.08905019629775435,0.6602197691937965,3.3407814552914656
0.9134954904132798,0.8189385422102167,6.774674657919553
0.4496250050577455,0.7894837855239514,4.3052498387602816
0.6966211158111947,0.5792731001823866,4.3489869842191515
0.38763904916671943,0.32725255603013104,2.522335939965805
0.051057148754760195,0.4122668486762391,1.1501667358376146
0.6636412576192515,0.3035711163680055,2.5538496830945427
0.3656605641488656,0.483939077761082,3.1358689709965546
0.5527799601314446,0.40272426327169353,3.104749031430462
0.26658984055727786,0.3325105537973342,2.1254374269231127
0.203876080671906,0.11181067038989956,0.5030383700756724
0.2962049538125301,0.41341645240454605,2.862909524399284
0.8418676325919996,0.13972210807007723,3.772644660309302
0.9240151916739524,0.3638836972108672,4.439721410441659
0.9785835876003031,0.10759329522482952,3.143464982635464
0.41433094736622267,0.3832368978954336,3.1995629620513086
0.7731865694302109,0.5376921419053899,4.894989321899947
0.16805312059048538,0.0745157790371539,0.9461816674982338
0.7442558911563787,0.25685348728515645,2.8210574077119324
0.42420631846614054,0.4265460662048681,2.033302255250957
0.8440920891688768,0.2726386736211913,4.543671892285016
0.19702025905972786,0.563127386905127,3.09316186226863
0.8189155413922887,0.8111398698335537,5.533931491805479
0.07232532311351159,0.7824911556829053,3.0098062436719886
0.8461077117521706,0.20854985861482045,2.2184526166177454
0.42364893643829327,0.19866232208419776,2.5947271689743214
0.14074135541701693,0.558086412229817,2.621763842900505
0.30591715089675386,0.36673192603326177,2.5366645958680567
0.709361933483824,0.04685253060555894,2.2647776597060454
0.44628496745381185,0.2316349204496928,2.2331555037765676
0.23326435882255137,0.96449570514647,4.822204122068049
0.2387654951164666,0.9700764270058824,3.9500537078813682
0.6931732530029772,0.3567750214500307,3.184906741757427
0.647769477894342,0.041771290155675156,2.378898515186808
0.06392509607999475,0.7998744622693801,3.963240155903572
0.8125176994222678,0.28065960585207506,3.760718735851566
0.14018418316738734,0.05182324709859476,0.881142393908261
0.24056424441156266,0.24452531959306445,1.2671373040796252
0.013903825184684027,0.1522605852159905,0.3303937329197063
0.5062548353393338,0.9099279438019557,5.299236136786834
0.8509320488288052,0.1949193785061203,3.402843775356735
0.9297370841390666,0.7493386932244818,5.70009434044071
0.4633097744431629,0.14148801229965036,1.959692904908113
0.10274927548709478,0.0763367402043047,-0.17845505060933597
0.47430511575474943,0.37146730846931875,2.1313862646889614
0.29045827106306676,0.6101197106678579,3.6336331921727867
0.3093972805382377,0.5313491089100313,3.0687562315674484
0.2429590901039319,0.8413980731773891,3.704587199218854
0.9536915489132354,0.43638731711341194,4.75671066845403
0.39741032927442943,0.6116596414747387,5.384808019909021
0.003573433465069109,0.05962037872741266,-0.05531798681896699
0.49526216245887733,0.7452351465154097,4.663809595665651
0.7001977471477516,0.6952079310379957,4.859960394871047
0.8152703162348696,0.8119199687401314,5.4158341362002975
0.7533868293420831,0.10421726885540927,2.2996779741483766
0.7021622659497585,0.4619852991652891,4.505251977478039
0.19809562814943382,0.6542397332597086,2.95103296692751
0.3501053774260956,0.008304725143595815,0.21137172017270578
0.4594720626912786,0.8511911013000022,5.666830434738399
0.1369623484867566,0.8207180142960941,3.37573717390806
0.4273774694179545,0.5129799108004087,3.7146841106171156
0.10148815654607135,0.34598711730654275,1.8291293958161028
0.08725561520610292,0.7290490214224941,3.0165370547214887
0.8361857276979363,0.88966095201249,6.929696352327267
0.16894755841793907,0.49446493411717596,2.0185353386756377
0.47286841209022545,0.8852233178475236,5.107740119925381
0.6249123981609253,0.14776746350245096,2.6912759056299054
0.9389688839704706,0.330801988061206,3.4036077906394455
0.30632322550236,0.7178439247690789,3.375094658536601
0.1811214483155803,0.35993361238478916,2.3957063426210556
0.8754213432262468,0.5224108548632909,5.7325751707910975
0.3035857977490587,0.6547869520518219,3.8661666323384933
0.27765307258748995,0.5892312480775327,2.0231125099463823
0.15012789635989643,0.4281950764933249,2.718777762263197
0.4446818222422596,0.14052037826459074,1.0738753440990885
0.2314747258963511,0.4113147178638935,1.8890430701660994
0.3588615967449317,0.22634250883350238,1.9648997452890882
0.33364657677519205,0.8125309070001863,4.341024529263835
0.6248875697828198,0.7900386574989354,4.956142711867602
0.4457021970867949,0.21545555901221236,2.0626406688811176
0.6779434434790585,0.5830755515714255,5.559211024323649
0.30085686901076203,0.6599716391664058,2.808903652056795
0.32238179606662043,0.42786072645577966,2.818274895977065
0.9982795301717684,0.08590394733993612,3.8660820436873715
0.23827390781921243,0.7257803446771436,3.96755411194199
0.762861478793503,0.08532788186727813,1.8052082562116984
0.6995866830533631,0.6812390540806411,5.515321820852896
0.6478406511531122,0.08036248763180642,2.9286779410445147
0.12156159925168775,0.591046513440067,2.30856581117171
0.005572317266465787,0.27722738925367496,0.7860405619862071
0.7455532583314523,0.40413160585071795,4.535750871325979
0.08302849889236719,0.9858998346319037,4.282891214596161
0.2427191203435788,0.9502818537195284,4.022296369623768
0.9892276317622745,0.5775155757721181,5.524036138149511
0.9661141753860625,0.6887414660944439,5.235098284680607
0.9213247498180932,0.8049258102060067,5.454183323602034
0.5832644794345588,0.7190453708521489,3.5601573700398412
0.45623203670490997,0.13021444648608405,2.0736947668437877
0.46233760201171836,0.45770699851373764,2.8036929441679472
0.3397391482498737,0.8335651920874527,3.857733791165204
0.967353302165056,0.7477634593522843,5.645508627441615
0.8159795485724871,0.23770920602801549,3.7843718192736757
0.9919252374110122,0.862911511131287,6.370033280756785
0.3008817133829891,0.6128277893009871,3.8016930593476213
0.5798507253564826,0.2858463274164289,2.8174020578364303
0.682067861155801,0.05731509365295717,2.839198334005915
0.38362915454319146,0.7420699676863024,4.958008634592434
0.5841780001239667,0.43468880529442644,3.485853280552175
0.1965172183057714,0.9743507549737539,4.451033382421892
0.31386820410257465,0.26470315334372885,1.1643722609278289
0.13494683208235536,0.06860849782009049,0.40455358049164136
0.6427787092719934,0.24769317838180882,3.7762007461334237
0.33414297981115704,0.40401415375512373,2.9756453895094377
0.4248362356694272,0.037068006810233034,0.6000728385634563
0.38056627895579154,0.3880470657907841,2.177744647185097
0.05274983106392683,0.2433311979940389,0.8056883484911629
0.8958538507864122,0.9902543488546656,6.664403667601831
0.7274746734599568,0.17149121559273894,2.900472532479792
0.324033195537739,0.8443565152028082,4.322883985953827
0.8986993194285378,0.16793194211364604,3.561964888267257
0.6756232219129831,0.5794169087227562,4.3358390896935335
0.9916711272492545,0.6591260211157542,5.302913778420712
0.4632129618386249,0.5349152810097748,3.636094289471105
0.1096078744472152,0.9464566627870005,2.7766369010868566
0.12159851003346034,0.43210278941466584,1.6121279797028931
0.7464716071236888,0.6508013172746959,4.758257427464058
0.5787477044705248,0.8698982156963921,5.519709495727962
0.2168094894409569,0.2339711693793921,1.8720387449900997
0.5475958984972186,0.5419671834911237,4.449652796896033
0.5298038787220699,0.9841831489925075,6.108857926668835
0.8577763335707875,0.7613339044061831,5.7196782508460355
0.05307624431274316,0.7064805401275744,3.0549885133109784
0.11305135358948604,0.3915725192125188,2.1759015317966712
0.44260109591302477,0.851220948298631,4.471964257785424
0.1394170932561608,0.8401712679043808,3.548184074243093
0.9887424438770978,0.43798424238833256,4.818351410476042
0.19825257475242597,0.570627764340517,2.3217753519280926
0.6196329894539212,0.6792185680801536,4.664064023301823
0.4436569840058572,0.7888400763783033,4.610888800217325
0.7816743571026431,0.4455376128844971,4.843962777619511
0.05262956850180167,0.33169256525828095,0.855325944231672
0.3243950640167801,0.1399001237720986,1.222701315545604
0.46977261607510157,0.7216842213124455,4.897208433016042
0.1136339246954815,0.7471283469880257,3.0229884498709083
0.6411773094303422,0.19263680005075345,2.838199558863279
0.5342146566779802,0.857243868040826,4.661063584003564
0.8268086103496062,0.16293784136169154,3.776415813963813
0.44228505547893016,0.8269786359470492,3.956231588296189
0.2950208030920727,0.1289666138055765,1.125417194486024
0.31589214468490867,0.6421611014312089,3.1027499671649164
0.23565003011821917,0.5197342366314377,3.3861672203753734
0.9329852707799103,0.13381061772676373,3.374338916692298
0.7987126238028707,0.7152912432014288,4.350303794196345
0.34345827780417204,0.7672052847800763,4.917539659371603
0.4498338751875084,0.8907850423645668,4.14075762601284
0.10110999837665002,0.4923110771410145,2.367787391722575
0.5893796444635342,0.5179660872214683,4.274274205392687
0.728906475130981,0.6545350357774699,4.509403039392945
0.2279527949493233,0.9068291643585986,3.9307653311302144
0.44201533515038816,0.3816196526667911,2.169883178902226
0.6748476010454058,0.6788311444062752,3.9040941371054796
0.44264351392803036,0.592758813184524,4.9587509946274375
0.5505454408148197,0.1806689215055427,2.8838311574217474
0.19484925649054852,0.6861244012684947,3.9395170387959353
0.7949981810298438,0.8525772561204258,4.896541345264
0.10961266642756529,0.4707827817021919,1.9084746476159549
0.4707147181758239,0.9506695760686705,4.491975822178137
0.29111611844645613,0.5504410821017047,3.432656769702995
0.10538986414384344,0.8829783494176839,4.73566906357099
0.8555429798971551,0.7588867438570385,5.254669663118855
0.20019634379217333,0.4120418907045651,1.8486053374019038
0.46926778290224613,0.3066418704524795,3.3099997633606786
0.6127589268331601,0.39617585770450026,2.822370338319651
0.26961220601569125,0.34441722738385205,2.490793314314716
0.4796636378627942,0.04694482230634056,1.3425677136495011
0.5304688544290418,0.021627608332422055,2.0401508310945196
0.4448168716388513,0.40030156154215313,2.666287487999207
0.363158653579688,0.1879108711052323,1.031081686515129
0.25602141644724075,0.85007261939749,4.247704223923781
0.9061733781533665,0.9636931178737602,5.797153399865681
0.5094801022579838,0.2872462824356715,2.891643249629779
0.7013419421870023,0.7158897918750207,5.917559457736638
0.5340145855450225,0.36648720031652027,3.7087246376856964
0.28606228158838143,0.8632552803412235,3.6020816123787833
0.478644727906809,0.4430537843504656,2.375194954691761
0.8232138906409892,0.9396715925214864,4.913464764595791
0.8759929350330687,0.6589043675704104,4.724418046012317
0.9407954115625159,0.10691245638814795,2.471254340875166
0.2159161928095915,0.12711507604414252,0.646278618634962
0.345215532364175,0.41026271241843537,3.6509915123187198
0.11894794111099305,0.574776737558528,2.83478654081228
0.98825524172406,0.5215333927531656,5.1004225188730805
0.631011414991907,0.862652797940167,4.984536146863326
0.7048748572055501,0.005132836900485271,2.1930159234478217
0.43073795526175696,0.12033306200954341,2.025525961397257
0.24355073830013474,0.3212429672168168,2.0848144442863528
0.38722911850524966,0.8499081452524877,4.997014478714911
0.2886883516640223,0.003988930343728381,1.3568388962568434
0.5324040140891306,0.5333422311137702,3.387423503656907
0.8162209207933816,0.0009018161897876853,1.9086535863446568
0.8317835829644308,0.5405979341690365,5.316900089538997
0.2862202083505607,0.47931428809515364,2.05697550497593
0.17758207395820302,0.1313276097490269,1.2371544166161859
0.723125890191389,0.5845052907617501,4.648706543319926
0.41702652136416585,0.6201356906993448,4.5621116121970715
0.18195157773041748,0.4527215336046002,1.9869345459747656
0.6043469372958428,0.7977385598370726,4.264915271291012
0.11253546830774153,0.06005270397601825,1.3402532591047596
0.09551760554662692,0.3266691344100875,1.1513225493810075
0.012051197960855964,0.48022004081831515,0.7745841321168356
0.20708665169351248,0.32935058538527817,1.2732351734043776
0.4790082542983277,0.12094909744598803,1.8951609492592212
0.16230960001720296,0.11463566358212118,1.5619167590537142
0.06868755510338564,0.7738573841342412,3.5514115887933277
0.49251148423205715,0.26708513926986743,2.4929571021354917
0.9031454513461755,0.6634310960720661,4.952699302315246
0.011500894699544073,0.8466656687751334,3.444901869046378
0.22807819305494537,0.2918242200533696,2.1729214235314815
0.9013201122064953,0.1867531711706535,3.051258485621058
0.6342387758439179,0.5733047475012962,4.310356023432861
0.8304730511913849,0.8009014216724625,6.564800013890047
0.9093094685462464,0.35192903689362975,4.0448391960883505
0.218746804797757,0.8378589320032542,3.868833181706087
0.7395346252398134,0.980287998746944,6.016481262774205
0.2610164292035744,0.6539239101965453,3.5043428570652275
0.9384310263601532,0.8940159536300798,6.0678399213334995
0.9571495206696138,0.09173352816623648,3.6833739928187264
0.16021239832485723,0.37892668340241575,2.2213289212031078
0.8122540830404699,0.8658369185220874,6.261991552939417
0.04712967722903538,0.7297843407317144,2.8584668301005336
0.5994000779051593,0.09791048602358676,2.6198239193508126
0.4819288932410568,0.23198834153960124,3.201894355211773
0.5995792117126203,0.33167332659475635,3.0215935293704974
0.7599185932484053,0.6265752270866684,4.6364036933240484
0.8700257768707972,0.7474872140008014,5.57187440307521
0.5030214109444928,0.4825750433669993,3.1072125767831
0.073660997125922,0.027081994285802602,0.1857585338899908
0.9137639863570067,0.8725367841163385,6.816723221596467
0.060781828504545166,0.9313160302649948,4.057876846786985
0.7944712764953967,0.3610277810500425,3.6634234831577492
0.1212387936938949,0.8099009625530303,3.3872065403784952
0.9026319203789857,0.5220284379694667,4.340147202516505
0.6344379466773087,0.47653658520758035,4.242041136188431
0.3101749488000154,0.9341984517753437,4.229222425334357
0.8651444888780644,0.008086991585624093,2.636060636996287
0.18039057562527472,0.4179563241647629,2.248231401131405
0.21556823711736894,0.23567254519721437,0.7379170305615436
0.3258908497520344,0.4682231118142163,2.713529573338375
0.41383505125221187,0.4683403096671228,3.3190690149581057
0.21867176140305822,0.19272943921924024,0.31272002233664
0.919710387507836,0.5767594515415513,4.387264829239207
0.4404122510613695,0.3904318207974018,2.8759184626378134
0.9518259480303293,0.9359153970116605,6.4242457381028935
0.25325093974455415,0.9361149318791764,4.667596880361277
0.46855266607471036,0.38229238601019855,3.4768605040307916
0.8016017808841441,0.755424229716461,5.397450324279257
0.9893351845665072,0.6225012179661793,5.592587281940402
0.4497421399724393,0.3718686078754483,2.937682112337806
0.47000958916143365,0.26263101872049066,1.3425295766684884
0.9406689578647158,0.9226361758764536,6.265051134902197
0.43220298527992707,0.18920860816129215,1.9199818541548364
0.4404447869515573,0.7897513845283143,4.910797737203474
0.9531483167760262,0.7542368644442036,5.601607874078745
0.49688799761866087,0.20822862460005043,2.5695468207547436
0.12623264822736846,0.3729399403964312,2.141010698955567
0.94145648686315,0.4470440454923076,3.9505636239134887
0.5014757912800513,0.5000510236057035,2.609280670218118
0.3607062935905374,0.6002635703372664,4.02442170176949
0.9006979568746576,0.34997286474859857,3.6805574634158624
0.017140762178309066,0.5983162825910702,2.946710887953799
0.9476249676938954,0.4378020136742783,4.621374544886389
0.08750644484934611,0.9502328431730448,4.395997899432705
0.07549971076235407,0.6922364682577954,2.0141426671670617
0.9422592926414501,0.5210061846886874,5.9671600992469305
0.47796601107233405,0.5630632017759036,2.2824222870177553
0.17970570936910013,0.1088498356971207,0.27612885653139596
0.9822646644021353,0.2755064409996345,4.1808791988268394
0.3352160925052008,0.705799576059743,4.375105045860303
0.9413393459469507,0.9846293854259616,7.094836369783736
0.4594911967313803,0.3028955951416833,3.0183327378992675
0.36793331398632523,0.9907615633336184,4.513934784083392
0.5733357590377801,0.35221865604282054,3.3146716463599306
0.9105218912042584,0.45382361757870415,5.218866336982948
0.9800861831735326,0.9744129191001166,6.016846625444916
0.6957269476972889,0.8260994010532997,4.815014941320537
0.36830576411936866,0.5272426230232483,3.3145459148096226
0.8635941806630227,0.9826268848231727,7.220573011131853
0.9243194361012294,0.9867975625149333,7.08158519742071
0.542922908343841,0.15651626934731377,1.7189719967373844
0.71155080481553,0.7870737877217089,4.999280344250062
0.8714989029295775,0.27120670624940035,3.516148580603794
0.6844813301525406,0.30337974541814094,2.493945609964072
0.6504323300302245,0.43222320011652937,4.7005371594468475
0.38071717161081564,0.47701919123014747,2.8022179746346896
0.60040954949517,0.13539559543560287,2.03622762431197
0.24318226943358345,0.7638919794739625,2.912630630103957
0.11988064702326362,0.0328869394084923,0.5832267648471661
0.2585324447932127,0.9609389179517933,4.5795803954845375
0.4462372251998674,0.26700827015388306,3.027059565863363
0.3445640015414263,0.7065376131774173,4.2911293462360485
0.7019773406356793,0.5328919744997223,4.175546219207145
0.3825277998361024,0.8390379458764325,4.7964734030182115
0.5048616050883528,0.20396779301074253,3.297296756695737
0.29085577905434956,0.030358626309162084,0.627875595307429
0.08902619204851192,0.17633195500964793,0.7763813921046994
0.7167954018596762,0.680782266588216,5.249122864157658
0.22411042811888515,0.8134694494396496,3.6288364315971955
0.465441414527364,0.15909177271407693,2.2703499637863023
0.5939560642374697,0.5765106327510631,3.5461142158886387
0.6726223918786632,0.05375473248778706,2.6443059890177616
0.41474308419379025,0.8271442874149222,4.9051922903031775
0.2791000786438891,0.09003804329059795,0.9047352634302784
0.8927781993958105,0.17586674295863003,2.7468311185506145
0.6442743144075572,0.6504586230029229,4.69742110853689
0.24802813241918342,0.469830503555835,2.646274847327572
0.7680937337729782,0.2744510363215573,2.718962217977145
0.5368090250410088,0.9427800644336164,5.891681953227136
0.4197689601439406,0.5606805754761044,3.1364978975421947
0.09739089925994404,0.16054935312409702,1.6827260882244295
0.22216147721945345,0.42233352655668455,3.0274767875221555
0.10542445827165292,0.7076261992723557,3.275096745346086
0.6972293949846018,0.4574000535562547,4.28859591646473
0.7476308375644232,0.10578499528402896,1.9493999438409457
0.4357467459934702,0.17354739741284142,2.0103454404468177
0.05429448928511271,0.2496134459330257,1.4456581543061433
0.16993653461909264,0.5465056318291989,2.0638446366867287
0.9449057917484059,0.6353642824857832,4.6466598286292236
0.8919155777344646,0.4762514071929014,5.376082304734095
0.3982601025724094,0.21218724958946655,2.244843342271034
0.14143570408023864,0.3434768236487167,2.510671075476078
0.44347253735325465,0.870809882949184,5.314647744845595
0.43352297913889015,0.24218641794730156,0.8596803638879063
0.01953874317144122,0.6602779435893118,2.1382973833488856
0.7189916241768497,0.3842565150039433,3.6178404663925265
0.6574379737614736,0.9587950376218176,5.835320845313237
0.5865844854920392,0.008153438907439359,1.8613046835655622
0.8069426929025779,0.3151245921810897,3.3437949369998807
0.8208176492808417,0.7584135395012861,5.45182600591706
0.2141469023200896,0.028018977991080996,0.24696227417203376
0.07025767350329482,0.38498095408759203,2.3937659633373696
0.3687758417607869,0.9537998099991556,4.436126690028641
0.8812946924485224,0.6751560429436734,5.055624245487126
0.7755212317418916,0.11088663710643631,3.215974488525574
0.2553693024060696,0.09311508412977565,0.8572736645269261
0.7334519729310137,0.9421235515722158,6.057122228871751
0.5666634718973944,0.9218161432468444,4.934491708620796
0.2764946280948696,0.16954687500743726,1.4892245239429003
0.7206473235416404,0.8663134550023941,5.831923423251761
0.28354666365846815,0.7482167790943914,3.078606223651913
0.3415696533192448,0.398249472452348,1.778425623395052
0.2024244434849991,0.2433699255513715,0.9970880233873248
0.5578610088163238,0.13614963898472465,2.631189364114875
0.4483436404889377,0.1956185136833518,2.401041575813844
0.6323109198339634,0.519252871345621,4.390453539406334
0.010512187294489217,0.023750277324255276,0.8722325291327021
0.40573426651892874,0.6322126751580831,3.5452094056648518
0.037551422311188354,0.6031759448191333,2.1616225799706896
0.30505302796434997,0.6397822289784613,3.4155327240660527
0.08626643861912331,0.8218348050466827,3.6670620264926006
0.5455394800273987,0.057990549211601405,2.418024082767031
0.9204465606015444,0.9652324125286794,6.6887942586984215
0.8543546853419349,0.4941492977749544,4.824486110981664
0.49125632731269175,0.47304331257708643,3.0694649361975754
0.3441850665997289,0.16448184937912158,0.8940748501258337
0.0022090399468401856,0.6586863933237014,3.5824525795133564
0.6446103481083068,0.8718519388402702,5.501638586525314
0.3220276718697822,0.07659678614019327,1.0931030539260291
0.3910019622424402,0.3099779827342768,2.4834273043060104
0.6221852462457631,0.771988570537437,6.0877956851740835
0.18450426456919033,0.03864826680853761,0.478771942673425
0.5611316971641529,0.5800053869596459,3.7851022625644015
0.4497389443091906,0.22165409780942957,1.8729126195519823
0.3765467350033094,0.5361605430195456,3.0781088861519077
0.8377738135504521,0.1386611074289512,2.0762811115340547
0.7310953818190946,0.35306154314433225,4.249146413637926
0.15813949581749587,0.35757189453567984,1.9176534212985794
0.911628084253215,0.40255085833560533,3.9061531595366987
0.0019239424662348403,0.972872822718788,4.456976248796129
0.2431824764727285,0.13501041503997635,1.0854855686982985
0.13707069355683588,0.2727225688684636,2.2414284944724976
0.3413730913765852,0.6748232400910252,3.6332022758537788
0.14798915205959728,0.35596067043780033,1.8465259340946467
0.28117346249869424,0.9218291191745139,4.685983296621974
0.4004542060587625,0.37313592234637283,2.988603640008113
0.4733859565483315,0.9642809775128534,4.965311582374652
0.26984881882917944,0.18676860672021434,1.2549705179062571
0.06797816102691046,0.4675741993054072,2.1808392184473036
0.5405589632537257,0.5272882874985986,2.7788670473880672
0.6333846356842829,0.5737389462581531,2.763001027480337
0.6559472667421736,0.39916215663461674,3.528303688406775
0.02867875238341,0.5387264369220196,2.316089540217847
0.10586265091550262,0.2376972934999967,1.847499987180135
0.6682635046582718,0.2532904759263618,2.9647188779807645
0.10257004001124437,0.07562677771928217,1.1808558124608481
0.06659066128286284,0.5409296163388636,3.060873644445406
0.45168669615357837,0.48883864834581836,3.3714910847158484
0.3647414742704189,0.9678882977127911,4.658691175233267
0.6733429161633879,0.7861348931544554,4.691231613991991
0.04031134048235441,0.693772472498438,2.8065960425380667
0.22531178038636968,0.2849141742528988,1.1075772743431092
0.2851853204904141,0.2237368865081526,1.8686157257496376
0.32526811230061636,0.69054183074604,4.140299307429588
0.007933937336056185,0.22159391744650514,0.6113800816491818
0.550882862685063,0.07439788405380532,2.441203285614014
0.01300195775887203,0.33258806014087294,0.9391017349443147
0.30056343854343026,0.5508874732550205,3.1367699273975127
0.909826096046766,0.20019975041309435,3.6430280145933485
0.15819524013812436,0.11178739794077086,-0.05030516277181385
0.6383619375735662,0.8650251424395553,5.239990332375934
0.4565399134644098,0.45847002907673484,3.6674045343480692
0.9249360588910812,0.004251320105418843,3.3766792661744405
0.4406946243042814,0.24793750620348032,2.951858860601637
0.20265050580371569,0.04514822774861871,0.4347888281964798
0.9956570373048325,0.2547972159903593,4.082358784662678
0.7239434568998367,0.42471051376713564,3.0787952891813846
0.12967014802931642,0.14362778777481344,1.3194263474346108
0.5282065326831255,0.9369770497018804,5.341821545889303
0.3062542129861291,0.4624603551449872,3.217393621249155
0.8819108131958838,0.8601785291132569,5.433857455744471
0.16095446961225823,0.8236828026438454,4.451946492495701
0.6438936007559869,0.11671802792048458,2.4318635165093716
0.957581682153236,0.09091311358152954,2.5654619385769655
0.9088287728057497,0.562742972063262,5.3603505679255905
0.9004915752987146,0.030953571404696012,3.916697983452414
0.6635888616183324,0.7896722189696709,5.2942400861370915
0.3030462280940506,0.32916980034069077,2.362659403540926
0.07490318902788506,0.7188892199036825,2.2994814823632526
0.17185634195044552,0.19224855931944052,1.1785530999359102
0.8935934929285727,0.3196128258350106,4.457448834469753
0.7079093872875373,0.6447877834177091,4.83953289658179
0.10435889122877395,0.22591483834425719,1.1392357757832468
0.9720334777264444,0.2058429569657122,3.3850949510461854
0.5098924667919377,0.3510805152237111,3.898649954268541
0.17180499502688873,0.007928382453011862,0.2730623324333179
0.4796042342278124,0.7037183910465463,3.421217003583583
0.39918221730752923,0.11335978311448658,1.7652351913955444
0.21387995945443916,0.23346527987294663,1.4184079425958593
0.6329369814435788,0.06159946453399778,1.942044679526155
0.5260938671614718,0.44521369953679246,2.962298762663854
0.27411748820434534,0.27258839844419414,1.476853020423943
0.8027722584149071,0.514791391461983,3.89567973740891
0.5388090484462941,0.674583493751792,4.828270672379944
0.33943554292737654,0.19442089437537324,1.2901493205314951
0.15781328666803296,0.3319374092049925,1.3423598211275045
0.49945743284665645,0.5635313432656737,3.8522840278305437
0.15396339039452744,0.24124680979322466,1.7747225415204653
0.9155751306731023,0.9150141675927143,6.578372510918819
0.49492121090469465,0.038911570079986024,1.4850889428118164
0.9127308102741941,0.1497396127763777,3.0012959342037013
0.3198759379777799,0.2943539008202214,2.1709991022801245
0.4602549866156762,0.681047552345492,3.86030858259638
0.5213655330185334,0.09028336551395166,1.8020142566590074
0.8983439647098156,0.886055674125385,6.697718068674439
0.12694845632797702,0.9046599743246585,3.9603756449150804
0.39862451588492276,0.6474684213712846,4.207343393528903
0.08437011790397686,0.3840442594933092,1.4915168371036704
0.9143371626793041,0.2782604031496164,3.692619791732598
0.8165558714646763,0.34365442898382903,3.8301073799868797
0.40056288873420176,0.8797232965344043,4.8893105734405715
0.6688397353653748,0.5306760893052243,3.5614847660134665
0.5430387408602328,0.9283781856612265,4.849223640348856
0.6117843348998259,0.4995864405689996,4.743143962305937
0.8521833762914618,0.21043953413306782,3.5371560345101023
0.9864786207905856,0.095466296735357,3.0692590829325326
0.08088978845253791,0.6725199085044654,2.1121901016624474
0.5678899586118178,0.2937827943032826,2.5769789627043784
0.9032549715047771,0.633756726093656,5.752654680287268
0.396520461398717,0.9308318619285417,5.579005589513218
0.2546265102305917,0.017390659384270424,0.24444630512381316
0.1311816966281073,0.054363987568244676,0.624018603866046
0.62522047193762,0.33474908285842553,3.53596951861717
0.21102070946588047,0.3079536186297337,2.2227645187656218
0.3783366768008567,0.3870645323932671,2.7736866825972815
0.4012487797325288,0.4444913819142424,2.9878601769552744
0.6244473303634984,0.4109260558844494,3.7237188871604188
0.9552651256131351,0.09562149076553195,2.971164587885931
0.9885723617902971,0.33313531300766086,4.459877427567226
0.29893411696246475,0.1203590572183576,1.7464127797481401
0.26451559613660325,0.20792933886163423,1.4556928675570557
0.7202579498312028,0.5944872432015987,5.1965690810984
0.689599492816081,0.049405614655636865,2.7563373275075156
0.27135593901212063,0.2893227065104237,1.710611281341542
0.9459771445389442,0.5980373247706728,4.983917523192981
0.8013751894047731,0.2664376760610787,3.5823866191811584
0.19862606429946672,0.5206393310976812,2.875798858997014
0.4965508756860062,0.44271827504947536,3.4942249268319934
0.09229556807637873,0.6170811024326482,2.849317878482896
0.5249503779051445,0.8442225249535854,4.88017013256603
0.5694114431803371,0.2822717107261278,3.962198483826014
0.18133551881898313,0.8829095670569338,5.036659328795696
0.07457790908054185,0.6464220734822493,3.0683914517178064
0.18007992458715616,0.41091894574700016,2.461147336198106
0.4878049161095328,0.7994765065743996,5.004205401957432
0.055933440727765515,0.43362226230244816,2.4779312319774562
0.17403632977254813,0.6701617172448443,3.4115149209580333
0.19410996101878508,0.8737518169775079,4.68822145441568
0.4291038498036689,0.32235706655826013,1.6602083387716475
0.5362155419839355,0.4709104194276005,3.156794313043109
0.3675162083575899,0.4015059228766843,2.377687811017903
0.6453939109129911,0.11605345103030107,1.6065154376044712
0.9320506005232922,0.10417969252855819,3.011859020720472
0.23292270456066533,0.104406393037207,0.8192723508304398
0.9900202824416986,0.8741692284726742,6.008469678428034
0.3336717696458392,0.8955472445492468,4.051660095642561
0.5985046717827629,0.3398950540604948,3.421137995009374
0.35892013365209263,0.8845081321091282,4.175731902034437
0.6803914838039583,0.9404450253327685,6.059424598919257
0.8531998120617398,0.7595833152800487,5.167207806490864
0.7928425281034133,0.2361055857300316,3.3820948141882194
